product_id_or_name,Negative,Neutral,Positive,total_reviews,pct_positive,pct_negative,pct_neutral
"cello Pack of 18 Opalware Cello Dazzle Lush Fiesta Opalware Dinner Set, 18 Pieces Dinner SetÃÂ ÃÂ (White, Microwave Safe)",8,21,107,136,78.67647058823529,5.88235294117647,15.441176470588236
"Lakm?? Eyeconic Kajal Twin Pack??????????(Deep Black, 0.7 g)",4,24,95,123,77.23577235772358,3.2520325203252036,19.51219512195122
cello Pack of 18 Opalware Cello Dazzle Lush Fiesta Opalware Dinner Set 18 Pieces Dinner SetWhite Microwave Safe,3,18,44,65,67.6923076923077,4.615384615384616,27.692307692307693
Mi 5A 80 cm (32 inch) HD Ready LED Smart Android TV with Dolby Audio (2022 Model),2,7,49,58,84.48275862068965,3.4482758620689653,12.068965517241379
Men Cargos,0,57,0,57,0.0,0.0,100.0
MILTON Thermosteel Flip Lid 500 ml FlaskPack of 1 Silver Steel,1,14,42,57,73.68421052631578,1.7543859649122806,24.561403508771928
"HAIR & CARE Triple Blend Damage Repair Non-Sticky Hair Oil with Aloe Vera, For Dry, Rough, & Frizzy Hair, Hair OilÐÓ®ÐÂ ÐÓ®ÐÂ (400 ml)",0,13,44,57,77.19298245614034,0.0,22.807017543859647
"Lakm?? Eyeconic Kajal Twin Pack??????(Deep Black, 0.7 g)",0,13,42,55,76.36363636363637,0.0,23.636363636363637
"POCO C31 (Royal Blue, 64 GB)?ÐÒÐÒ?ÐÒÐÒ(4 GB RAM)",5,17,31,53,58.490566037735846,9.433962264150944,32.075471698113205
SAMSUNG EVO Plus 64 GB MicroSDXC Class 10 95 MBs  Memory CardWith Adapter,2,9,42,53,79.24528301886792,3.7735849056603774,16.9811320754717
"Pigeon Favourite Electric Kettle??????(1.5 L, Silver, Black)",3,7,40,50,80.0,6.0,14.000000000000002
Google Nest Mini (2nd Gen) with Google Assistant Smart Speaker??????(Chalk),5,6,39,50,78.0,10.0,12.0
Home Sizzler 153 cm 502 ft Polyester Room Darkening Window Curtain Pack Of 2Floral Brown,2,9,39,50,78.0,4.0,18.0
Bajaj DX 2 LW Dry Iron,2,12,32,46,69.56521739130434,4.3478260869565215,26.08695652173913
Singer FM 1409 Electric Sewing MachineÐÒ?ÐÓ®ÐÂ ÐÒ?ÐÓ®ÐÂ ( Built-in Stitches 9),3,8,35,46,76.08695652173914,6.521739130434782,17.391304347826086
"Canon EOS 3000D DSLR Camera 1 Camera Body, 18 - 55 mm Lens????????(Black)",0,7,38,45,84.44444444444444,0.0,15.555555555555555
"SAMSUNG 253 L Frost Free Double Door 3 Star RefrigeratorÐÒ?ÐÓ®ÐÂ ÐÒ?ÐÓ®ÐÂ (Elegant Inox, RT28A3453S8/HL)",2,10,32,44,72.72727272727273,4.545454545454546,22.727272727272727
LA VERNE Microfibre Stripes Cushion Pack of 3White,1,8,34,43,79.06976744186046,2.3255813953488373,18.6046511627907
DOMS Pencil Smart Kit,1,9,32,42,76.19047619047619,2.380952380952381,21.428571428571427
"VICTORY Professional Wrist Wrap Band , Wrist Strap For Gym and Fitness Wrist Support",0,7,34,41,82.92682926829268,0.0,17.073170731707318
Men Regular Fit Black Cotton Blend Trousers,0,41,0,41,0.0,0.0,100.0
Boys Full Sleeve Solid Hooded Sweatshirt,0,41,0,41,0.0,0.0,100.0
"Mi 3i 10000 mAh Power Bank (Fast Charging, 18W)ÐÒ?ÐÓ®ÐÂ ÐÒ?ÐÓ®ÐÂ (Blue, Lithium Polymer)",3,5,32,40,80.0,7.5,12.5
CMerchants Multi Organiser BLue4 Book Shelf Metal Open Book ShelfFinish Color  BLUE DIYDoItYourself,4,10,26,40,65.0,10.0,25.0
AGARO Regal Hand-held Vacuum CleanerÐÒ?ÐÓ®ÐÂ ÐÒ?ÐÓ®ÐÂ (Black),3,6,31,40,77.5,7.5,15.0
"boAt Wave Neo with 1.69 inch , 2.5D Curved Display & Multiple Sports Modes SmartwatchÐÒ?ÐÓ®ÐÂ ÐÒ?ÐÓ®ÐÂ (Burgundy Strap, Free Size)",3,6,31,40,77.5,7.5,15.0
"BAJAJ 15 L Storage Water Geyser (Popular Plus 15 L, White)",4,5,31,40,77.5,10.0,12.5
"NIVIA Storm Football - Size: 5ÐÓ®ÐÂ ÐÓ®ÐÂ (Pack of 1, Multicolor)",4,7,28,39,71.7948717948718,10.256410256410255,17.94871794871795
Men Graphic Print Round Neck Black T-Shirt,0,39,0,39,0.0,0.0,100.0
MarQ by Flipkart 18-Litre 18L1200W4HL Oven Toaster Grill (OTG) with 4 Skewers and Crumb TrayÐÓ®ÐÂ ÐÓ®ÐÂ (Black),0,5,32,37,86.48648648648648,0.0,13.513513513513514
"Pack of 2 Solid Men Dark Grey, Grey Casual Shorts",0,36,0,36,0.0,0.0,100.0
RIAN Animal Single Mink Blanket for  Mild WinterPolyester Brown Grey,4,7,24,35,68.57142857142857,11.428571428571429,20.0
Thomson Alpha 80 cm (32 inch) HD Ready LED Smart Linux TV with 30 W Sound Output & Bezel-Less DesignÐÒ?ÐÓ®ÐÂ ÐÒ?ÐÓ®ÐÂ (32Alpha007BL),2,4,25,31,80.64516129032258,6.451612903225806,12.903225806451612
"cello ColourUp Hobby Bag of Assorted Stationery|Crayons, Sketch Pens, Oil Pastel, Gel pens, Mechanical Pencils, Clay with Kids Activity Book inside",1,8,22,31,70.96774193548387,3.225806451612903,25.806451612903224
"Butterfly Rapid Plus 750 W Mixer Grinder (5 Jars, Ink Blue)",2,8,21,31,67.74193548387096,6.451612903225806,25.806451612903224
"Crompton 75 L Desert Air Cooler??????(White, Teal, ACGC-DAC751)",3,6,21,30,70.0,10.0,20.0
"Prestige Plus Atlas 750 W Juicer Mixer Grinder (4 Jars, Blue, White)",2,4,24,30,80.0,6.666666666666667,13.333333333333334
"BAJAJ Crest Neo 1200 mm 3 Blade Ceiling Fan??????????(White, Pack of 1)",1,6,22,29,75.86206896551724,3.4482758620689653,20.689655172413794
Dettol Effective Protection Antiseptic LiquidÐÓ®ÐÂ ÐÓ®ÐÂ (1000 ml),1,7,21,29,72.41379310344827,3.4482758620689653,24.137931034482758
VH000010A Analog Watch  - For Women,0,27,0,27,0.0,0.0,100.0
"PHILIPS MMS8085B/94 Convertible 80 W Bluetooth Home TheatreÐÓ®ÐÂ ÐÓ®ÐÂ (Black, 2.1 Channel)",0,8,19,27,70.37037037037037,0.0,29.629629629629626
"Mivi Fort S24 Soundbar with FM Mode and 2 full range drivers, Made in India 24 W Bluetooth SoundbarÐÒ?ÐÓ®ÐÂ ÐÒ?ÐÓ®ÐÂ (Black, 2.0 Channel)",5,4,17,26,65.38461538461539,19.230769230769234,15.384615384615385
Men LPMXT-800 Grey Clogs Sandal,0,25,0,25,0.0,0.0,100.0
Printed Men Three Fourths,0,25,0,25,0.0,0.0,100.0
"APPLE 2020 Macbook Air M1 - (8 GB/256 GB SSD/Mac OS Big Sur) MGN93HN/AÐÒ?ÐÓ®ÐÂ ÐÒ?ÐÓ®ÐÂ (13.3 inch, Silver, 1.29 kg)",1,5,19,25,76.0,4.0,20.0
"Infinix 10W Quick Charger combo for Infinx devices (MicroUSB - Cable Included)?ÐÒÐÒ?ÐÒÐÒ(White, Cable Included)",1,6,17,24,70.83333333333334,4.166666666666666,25.0
ENVY Combo Perfume For Men 60ML + 60ML Eau de Parfum  -  120 ml??????(For Men),0,5,18,23,78.26086956521739,0.0,21.73913043478261
APPLE iPad (9th Gen) 64 GB ROM 10.2 inch with Wi-Fi Only (Space Grey),0,6,17,23,73.91304347826086,0.0,26.08695652173913
"boAt 18W Power WCD QC3A Charger combo Compatible with Vivo,Oppo,Gionee,Xiomi,Redmi,realme,infinix,POCO,iphone,Samsung,Mi devices (Type C - Cable Included)?ÐÒÐÒ?ÐÒÐÒ(White, Cable Included)",5,3,15,23,65.21739130434783,21.73913043478261,13.043478260869565
Men Black Sandal,0,23,0,23,0.0,0.0,100.0
"boAt Rockerz 510 Super Extra Bass Bluetooth Headset??????(Molten Orange, On the Ear)",0,2,21,23,91.30434782608695,0.0,8.695652173913043
Men Solid MidCalfCrewPack of 4,0,23,0,23,0.0,0.0,100.0
Tanunni Mobile Holder Mobile Holder,0,4,18,22,81.81818181818183,0.0,18.181818181818183
"Men 9325 Latest Collection Stylish Sports Sneakers Running Shoes Running Shoes For Men????(Red, Black)",0,21,0,21,0.0,0.0,100.0
Hindware Nevio Plus 60  Auto Clean Wall Mounted Chimney??????(Black 1400 CMH),5,2,14,21,66.66666666666666,23.809523809523807,9.523809523809524
Hindware Ripple 90 Auto Clean Wall Mounted Chimney??????(Black 1350 CMH),1,5,15,21,71.42857142857143,4.761904761904762,23.809523809523807
Bella vita organic Luxury Unisex Perfume Gift Set For Men & Women- 4x20 ML Eau de Parfum  -  80 ml??????(For Men & Women),1,3,17,21,80.95238095238095,4.761904761904762,14.285714285714285
"Haier 6.5 kg 5 star Ariel Wash Fully Automatic Top Load Brown, GreyÐÓ®ÐÂ ÐÓ®ÐÂ (HWM65-FE)",0,1,19,20,95.0,0.0,5.0
Seagate One Touch with Password Protection for Windows & Mac with 3 years Data Recovery Services - Portable 2 TB External Hard Disk Drive (HDD)??????????(Light Blue),0,4,16,20,80.0,0.0,20.0
"SportSoul Cotton Gym & Athletic Abdomen Support??????(Grey, Black)",2,3,14,19,73.68421052631578,10.526315789473683,15.789473684210526
Men Casual Brown Artificial Leather Wallet - Mini??????(5 Card Slots),0,19,0,19,0.0,0.0,100.0
"HP Pavilion Ryzen 5 Hexa Core AMD R5-5600H - (8 GB/512 GB SSD/Windows 10/4 GB Graphics/NVIDIA GeForce GTX 1650/144 Hz) 15-ec2004AX Gaming LaptopÐÒ?ÐÓ®ÐÂ ÐÒ?ÐÓ®ÐÂ (15.6 inch, Shadow Black, 1.98 kg)",1,6,12,19,63.1578947368421,5.263157894736842,31.57894736842105
"MAHARAJA WHITELINE 65 L Desert Air Cooler??????(White, Grey, Rambo Grey / AC-303)",1,3,15,19,78.94736842105263,5.263157894736842,15.789473684210526
WD 1.5 TB Wired External Hard Disk Drive (HDD)??????????(Black),1,1,16,18,88.88888888888889,5.555555555555555,5.555555555555555
"Flipkart SmartBuy CFXB18 Electric Rice Cooker??????(1.8 L, White, Blue)",2,2,14,18,77.77777777777779,11.11111111111111,11.11111111111111
"Flipkart SmartBuy CFXB15 Electric Rice Cooker??????(1.5 L, White)",2,2,14,18,77.77777777777779,11.11111111111111,11.11111111111111
Catvision CSR-401HP WIFI Media Streaming Device????(Black),2,2,14,18,77.77777777777779,11.11111111111111,11.11111111111111
Bajaj GX1 500 W Mixer Grinder,1,1,14,16,87.5,6.25,6.25
"D-Link DIR-615 Wireless N 300 Router?ÐÒÐÒ?ÐÒÐÒ(Black, Single Band)",0,3,13,16,81.25,0.0,18.75
"TP-Link Archer C20 AC WiFi 750 MBPS Wireless Router?ÐÒÐÒ?ÐÒÐÒ(Blue, Dual Band)",1,4,11,16,68.75,6.25,25.0
Greenery Hub Home Garden Flowers Seeds 40 Varieties Seeds Combo With Instruction Manual Seed40 per packet,4,3,8,15,53.333333333333336,26.666666666666668,20.0
"Pack of 2 Women Solid Viscose Rayon Frontslit Kurta??????(Maroon, Yellow)",0,15,0,15,0.0,0.0,100.0
Pureit Advanced Plus RO? 7 L RO  MF Water PurifierÐÒ?ÐÓ®ÐÂ ÐÒ?ÐÓ®ÐÂ (Black),0,4,10,14,71.42857142857143,0.0,28.57142857142857
Baby Boys  Baby Girls Casual Tshirt ShortsBlue,0,14,0,14,0.0,0.0,100.0
SAMSUNG 28 L Convection  Grill Microwave OvenMC28A5013AK Black,1,2,11,14,78.57142857142857,7.142857142857142,14.285714285714285
"Dallao Waterproof Remote Controlled Rock Crawler RC Monster Car With Wheel Remote , 4 Wheels , 1 Stepnee, , 1:20 scale?ÐÒÐÒ?ÐÒÐÒ(Multicolor)",2,5,7,14,50.0,14.285714285714285,35.714285714285715
FLIPZON Baby 6 Shelve Unbreakable Material PVC Collapsible WardrobeFinish Color  Pink DIYDoItYourself,1,2,11,14,78.57142857142857,7.142857142857142,14.285714285714285
"Fashion Tree TW12 Steel Toe Genuine Leather Safety Shoe??????????(Black, SB)",2,4,8,14,57.14285714285714,14.285714285714285,28.57142857142857
"Butterfly Rapid 750 W Juicer Mixer Grinder (4 Jars, Black)",4,3,7,14,50.0,28.57142857142857,21.428571428571427
MOTOROLA 8 kg Smart Wi-Fi Enabled Inverter Technology Fully Automatic Top Load GreyÐÓ®ÐÂ ÐÓ®ÐÂ (80TLIWBM5DG),2,4,8,14,57.14285714285714,14.285714285714285,28.57142857142857
"Pigeon Favourite 15024 500 W Juicer Mixer Grinder (4 Jars, White)",4,3,6,13,46.15384615384615,30.76923076923077,23.076923076923077
"Thomson Kitchen Master Pro MX03 750 W Juicer Mixer Grinder (6 Jars, Grey)",3,5,5,13,38.46153846153847,23.076923076923077,38.46153846153847
Black Women Sling Bag,0,13,0,13,0.0,0.0,100.0
"ZEBRONICS Zeb-Vita Plus 16 W Bluetooth Laptop/Desktop Speaker??????(Black, Stereo Channel)",2,5,6,13,46.15384615384615,15.384615384615385,38.46153846153847
Mylab CoviSelf COVID-19 Rapid COVID-19 Rapid Antigen Kit (Home-based/self),2,4,7,13,53.84615384615385,15.384615384615385,30.76923076923077
LG 20 L Solo Microwave OvenMS2043DB Black,1,3,8,12,66.66666666666666,8.333333333333332,25.0
limraz furniture L 56 Engineered Wood Study TableFree Standing Finish Color  brown Preassembled,5,3,4,12,33.33333333333333,41.66666666666667,25.0
PHILIPS HR183200 500 W Juicer 1 Jar Ink Black,2,3,7,12,58.333333333333336,16.666666666666664,25.0
Simple Trending PP Collapsible WardrobeFinish Color  Navyblue DIYDoItYourself,3,1,8,12,66.66666666666666,25.0,8.333333333333332
Microtek MTKAA70H Microtek EB 700 Square Wave Inverter,1,2,9,12,75.0,8.333333333333332,16.666666666666664
BAJAJ 17 L Solo Microwave Oven1701MT White,1,3,8,12,66.66666666666666,8.333333333333332,25.0
Baby Boys  Baby Girls Casual Tshirt ShortsYellow,0,12,0,12,0.0,0.0,100.0
"Men Formal, Casual Blue Artificial Leather Wallet - Regular Size??????(8 Card Slots)",0,12,0,12,0.0,0.0,100.0
"Mivi Fort S16 Soundbar with 2 full range drivers, Made in India 16 W Bluetooth Soundbar??????(Black, 2.0 Channel)",1,3,8,12,66.66666666666666,8.333333333333332,25.0
"Synthetic Leather |Lightweight|Comfort|Summer|Trendy|Walking|Outdoor|Daily Use Sneakers For Men????(White, Black, Red)",0,12,0,12,0.0,0.0,100.0
Bella vita organic OUD PARFUM Intense Perfume For Men & Women with Long Lasting Fragrance 100 ML Perfume  -  100 ml??????(For Men & Women),0,3,9,12,75.0,0.0,25.0
"Ozarro Black Canvas Light Weight Steel Toe Safety Shoes (S4420) Steel Toe Canvas Safety Shoe??????(Black, S1)",3,1,7,11,63.63636363636363,27.27272727272727,9.090909090909092
"Adrenex by Flipkart Big Bang 6 inch x 26.5 inch Skateboard??????????(Multicolor, Pack of 1)",1,3,7,11,63.63636363636363,9.090909090909092,27.27272727272727
Aero Seeds 40 Varieties of Flower Combo Pack Seed2050 per packet,2,2,7,11,63.63636363636363,18.181818181818183,18.181818181818183
"Pack of 2 Solid Men Black, Blue Casual Shorts",0,11,0,11,0.0,0.0,100.0
Self Design Men Three Fourths,0,11,0,11,0.0,0.0,100.0
"Dr Ortho Knee Cap for Pain Relief, Sports, Gym, Exercise, Running for Men & Women Knee Support",0,0,11,11,100.0,0.0,0.0
"Mi 22.5W Quick Charger combo for Mi,Redmi,Xiomi devices (Type C- Cable Included)?ÐÒÐÒ?ÐÒÐÒ(White)",0,1,10,11,90.9090909090909,0.0,9.090909090909092
Home Sizzler 214 cm 702 ft Polyester Semi Transparent Door Curtain Pack Of 2Floral Brown,0,1,10,11,90.9090909090909,0.0,9.090909090909092
"I Kall IK22 40 W Bluetooth Home TheatreÐÓ®ÐÂ ÐÓ®ÐÂ (Black, 2.1 Channel)",2,1,8,11,72.72727272727273,18.181818181818183,9.090909090909092
Furnifry Wooden TV Entertainment UnitWall Set Top Box Shelf StandTV Unit Bedroom Engineered Wood TV Entertainment UnitFinish Color  Black and Walnut DIYDoItYourself,2,0,9,11,81.81818181818183,18.181818181818183,0.0
Men  Women Striped Ankle LengthPack of 7,0,11,0,11,0.0,0.0,100.0
Hillgrove 10in1 Basic 25W Soldering Iron Kit with 5 Meter Solder Wire Cutter Stand Flux Bit Tape Tester Tweezer Wick 25 W SimpleFlat Pointed Tip,2,2,7,11,63.63636363636363,18.181818181818183,18.181818181818183
Flipkart SmartBuy ISI Mark ShockProof  WaterProof 1500 W Immersion Heater RodWater,2,3,6,11,54.54545454545454,18.181818181818183,27.27272727272727
"Noise ColorFit Icon 2 1.8 Display, Bluetooth Calling, AI Voice Assistance SmartwatchÐÒ?ÐÓ®ÐÂ ÐÒ?ÐÓ®ÐÂ (Blue Strap, Regular)",0,2,8,10,80.0,0.0,20.0
Cotton Blend Embroidered Maroon Men Dupatta,0,10,0,10,0.0,0.0,100.0
LUMINOUS ZELIO 110012V Ecomm Pure Sine Wave Inverter,0,4,6,10,60.0,0.0,40.0
Baby Boys  Baby Girls Casual Tshirt PantBlack,0,10,0,10,0.0,0.0,100.0
MarQ by Flipkart 8 kg 5 Star Engineered with Panasonic Technology Fully Automatic Top Load GreyÐÓ®ÐÂ ÐÓ®ÐÂ (MQFA80J5LG),1,3,6,10,60.0,10.0,30.0
KENT Aura Portable Room Air PurifierPink,1,0,9,10,90.0,10.0,0.0
Google Chromecast 3 Media Streaming Device????(Black),1,3,6,10,60.0,10.0,30.0
HP 680 Black Ink Cartridge,1,3,6,10,60.0,10.0,30.0
"Apple 20W ,USB-C Power Charging Adapter for iPhone, iPad & AirPods?ÐÒÐÒ?ÐÒÐÒ(White)",1,1,7,9,77.77777777777779,11.11111111111111,11.11111111111111
EUREKA FORBES Trendy Zip Dry Vacuum Cleaner with Reusable Dust BagÐÒ?ÐÓ®ÐÂ ÐÒ?ÐÓ®ÐÂ (Red & Black),1,0,8,9,88.88888888888889,11.11111111111111,0.0
"OnePlus Bullets Wireless Z2 with Fast Charge, 30 Hrs Battery Life, Earphones with mic Bluetooth Headset??????(Magico Black, In the Ear)",1,2,6,9,66.66666666666666,11.11111111111111,22.22222222222222
Otoroys Aroma Car Freshener150 ml,0,1,8,9,88.88888888888889,0.0,11.11111111111111
"OnePlus Bullets Wireless Z2 Bluetooth Headset??????(Acoustic Red, In the Ear)",1,1,7,9,77.77777777777779,11.11111111111111,11.11111111111111
Butterfly Rapid Plus Wet Grinder with Coconut Scraper (Blue)?ÐÒÐÒ?ÐÒÐÒ(Ink Blue),1,0,8,9,88.88888888888889,11.11111111111111,0.0
"gyzmofreakz 3.5mm Clip Microphone For Youtube | Collar Mike for Voice Recording | Lapel Mic Mobile, PC, Laptop, Android Smartphones, DSLR Camera Microphone microphone??????(Black)",2,2,5,9,55.55555555555556,22.22222222222222,22.22222222222222
LA VERNE Microfibre Stripes Cushion Pack of 5White,0,2,7,9,77.77777777777779,0.0,22.22222222222222
"realme TechLife 7.5 kg 5 Star Rating Semi Automatic Top Load Black, GreyÐÓ®ÐÂ ÐÓ®ÐÂ (RMSA755NNNDG)",1,2,6,9,66.66666666666666,11.11111111111111,22.22222222222222
LIVPURE LIV-PEP-PRO-PLUS 7 L RO  UV  UF Water Purifier with Taste EnhancerÐÒ?ÐÓ®ÐÂ ÐÒ?ÐÓ®ÐÂ (White),0,2,7,9,77.77777777777779,0.0,22.22222222222222
Mayne Exceed Helicopter With Remote Control Charging Helicopter Toys For Boys?ÐÒÐÒ?ÐÒÐÒ(Multicolor),2,1,6,9,66.66666666666666,22.22222222222222,11.11111111111111
HP 678 Black Ink Cartridge,3,1,5,9,55.55555555555556,33.33333333333333,11.11111111111111
CAPIO ART GEOMETRIC multipurpose design Wood Key Holder8 Hooks Brown,0,3,6,9,66.66666666666666,0.0,33.33333333333333
Nea 2L Rubber Hot/Warm Water Bag for Pain Relief & Massager Non Electrical 2 L Hot Water Bag??????(Red),0,4,5,9,55.55555555555556,0.0,44.44444444444444
"Men Solid Single Breasted Festive, Party, Wedding Blazer??????(Black)",0,9,0,9,0.0,0.0,100.0
"Mivi Fort S100 with 2 in-built subwoofers, Made in India 100 W Bluetooth SoundbarÐÒ?ÐÓ®ÐÂ ÐÒ?ÐÓ®ÐÂ (Black, 2.2 Channel)",2,1,6,9,66.66666666666666,22.22222222222222,11.11111111111111
Mi ACM2AA Portable Room Air PurifierWhite,0,2,7,9,77.77777777777779,0.0,22.22222222222222
Eurodomo Hood Indigo PRO HC SC FL BK 60 Auto Clean Wall Mounted Chimney??????(Black 1200 CMH),0,2,6,8,75.0,0.0,25.0
"Nea Electric Hot Water (With Filled Gel) Warm Bag for Pain Relief & Massager Electrical 1 L Hot Water Bag??????(Red, White)",3,0,5,8,62.5,37.5,0.0
"Cosmic Byte CB-GK-05 Titan with Aluminum Body, Rainbow Backlit Keycaps, Braided Cable Wired USB Gaming KeyboardÐÒ?ÐÓ®ÐÂ ÐÒ?ÐÓ®ÐÂ (Black)",0,1,7,8,87.5,0.0,12.5
IFB 23 L Convection Microwave Oven23SC3 Silver,0,1,7,8,87.5,0.0,12.5
SportSoul Cotton Gym & Athletic Abdomen Support??????????(Blue),1,3,4,8,50.0,12.5,37.5
Women Grey Sling Bag,0,8,0,8,0.0,0.0,100.0
"SAMSUNG Original 25W , USB -C Compatible Power Adaptor for all Samsung Devices (Fast Charge 2.0)?ÐÒÐÒ?ÐÒÐÒ(White)",0,1,7,8,87.5,0.0,12.5
Kadio Analog 20 cm X 20 cm Wall ClockBeige With Glass Standard,2,1,5,8,62.5,25.0,12.5
288SDTL TIMEWEAR Silver Pink Dial Stainless Steel Strap Analog Watch  - For Women,0,8,0,8,0.0,0.0,100.0
NOVA Submersible NIH 43005 1500 W Immersion Heater RodWater,3,1,4,8,50.0,37.5,12.5
Fresh Zone Polyester Door MatMulticolor Medium Pack of 5,1,3,4,8,50.0,12.5,37.5
Microtek MTKAC90H Super Power Digital UPS Model 900 12V DG 800VA Square Wave Inverter,2,1,5,8,62.5,25.0,12.5
"Glemora ISO Certified 100 Units Disposable 3 Ply Pharmaceutical Breathable Surgical Premium Black Disposable mask Non-Reusable Surgical Mask With Melt Blown Fabric Layer??????(Black, Free Size, Pack of 100, 3 Ply)",2,2,4,8,50.0,25.0,25.0
KENT Ace Extra/ Ace Alkaline 8 L RO  UV  UF  TDS Control  Alkaline  UV in Tank Water Purifier with Alkaline WaterÐÒ?ÐÓ®ÐÂ ÐÒ?ÐÓ®ÐÂ (White),1,1,6,8,75.0,12.5,12.5
"COSCO Kick Football - Size: 5ÐÓ®ÐÂ ÐÓ®ÐÂ (Pack of 1, Blue)",0,2,6,8,75.0,0.0,25.0
AutoKraftZ Most Popular Sun UV Protection Arm Sleeves for Men Women Cycling GlovesÐÓ®ÐÂ ÐÓ®ÐÂ (Black),1,1,6,8,75.0,12.5,12.5
"boAt Aavante Bar 2000 160 W Bluetooth SoundbarÐÒ?ÐÓ®ÐÂ ÐÒ?ÐÓ®ÐÂ (Premium Black, 2.1 Channel)",0,2,6,8,75.0,0.0,25.0
Dinine Craft Set of 4 Showpiece for Home Decor Handicraft Showpiece for Table office Decor Small Statue of 4 Baby Monk Buddha Handicraft Showpiece for Modern Interior Multi color Handicraft Showpiece Decorative Showpiece    4 cmPolyresin Multicolor,0,2,6,8,75.0,0.0,25.0
"Atomberg Renesa 1200 mm BLDC Motor with Remote 3 Blade Ceiling Fan??????????(Ivory & Black, Pack of 1)",3,0,4,7,57.14285714285714,42.857142857142854,0.0
Women Regular Fit White Viscose Rayon Trousers,0,7,0,7,0.0,0.0,100.0
"Electronic Spices Tweeter 1.5-inch 240 Watts Max Dome Tweeters with Mounting Kit Angle, BLACK, Surface Set of 2 Tweeter Car Speaker??????(240 W)",1,1,5,7,71.42857142857143,14.285714285714285,14.285714285714285
Pack of 2 Men Solid Black Grey Track Pants,0,7,0,7,0.0,0.0,100.0
Samanya Budhi Avum Tarkshakti Parikshan PaperbackPaperback Hindi RK Jha,0,1,6,7,85.71428571428571,0.0,14.285714285714285
RedShell High Quality 2000 W Shock Proof Immersion Heater RodWater,0,2,5,7,71.42857142857143,0.0,28.57142857142857
AGAMI Green 2 Layer Lucky Bamboo plant with Big Round Glass Pot and Colored Jelly Balls Seed1 per packet,0,3,4,7,57.14285714285714,0.0,42.857142857142854
SHF Cotton Door MatMulticolor Medium Pack of 5,0,0,7,7,100.0,0.0,0.0
"Pureit Max Water Saver 10 L RO  UV  MF Water Purifier with Eco Recovery TechnologyÐÒ?ÐÓ®ÐÂ ÐÒ?ÐÓ®ÐÂ (Black, White)",2,3,2,7,28.57142857142857,28.57142857142857,42.857142857142854
sanyasi ayurveda Sanyasi Sehat Tablet - Ayurvedic Medicine For Weight Gain,3,0,4,7,57.14285714285714,42.857142857142854,0.0
IWS Printed Double Mink Blanket for  Mild WinterMicrofiber Black,0,0,7,7,100.0,0.0,0.0
Men Casual Brown Artificial Leather Money Clip - Mini??????(8 Card Slots),0,7,0,7,0.0,0.0,100.0
Theme My Party Printed Birthday decoration combo kit birthday combo BalloonMulticolor Pack of 59,0,0,7,7,100.0,0.0,0.0
NP2598WM03 Analog Watch  - For Women,0,7,0,7,0.0,0.0,100.0
"Midea TORRINO,WQP12-5201F Free Standing 13 Place Settings Intensive Kadhai Cleaning| No Pre-rinse Required Dishwasher",0,1,6,7,85.71428571428571,0.0,14.285714285714285
Men Solid Single Breasted Casual Blazer??????(Black),0,7,0,7,0.0,0.0,100.0
"IFB Neptune SX1 Free Standing 15 Place Settings with Germ-Free Hygienic Wash, Made for Indian Kitchens, Steam Drying, Energy Efficient Dishwasher",0,1,6,7,85.71428571428571,0.0,14.285714285714285
Hindware Ripple 90 Auto Clean Wall Mounted Chimney??????(Inox 1350 CMH),0,3,4,7,57.14285714285714,0.0,42.857142857142854
Copper String LED light 10 MTR 100 LED USB Operated Decorative Lights 100 LEDs 10 m Yellow Rice LightsPack of 1,1,1,5,7,71.42857142857143,14.285714285714285,14.285714285714285
"Mivi Fort S16 Soundbar with 2 full range drivers, Made in India 16 W Bluetooth SoundbarÐÒ?ÐÓ®ÐÂ ÐÒ?ÐÓ®ÐÂ (Black, 2.0 Channel)",1,4,2,7,28.57142857142857,14.285714285714285,57.14285714285714
Multicolor Women Sling Bag,0,7,0,7,0.0,0.0,100.0
Flipkart Perfect Homes Webster TV Entertainment UnitFinish Color  Wenge Knock Down,0,2,5,7,71.42857142857143,0.0,28.57142857142857
BAJAJ Fx11 Food Factory 600 W Food Processor??????????(White),2,2,3,7,42.857142857142854,28.57142857142857,28.57142857142857
Furnifry Wooden TV Entertainment UnitWall Set Top Box Shelf StandTV Cabinet for Wall Engineered Wood TV Entertainment UnitFinish Color  White and Walnut DIYDoItYourself,4,0,3,7,42.857142857142854,57.14285714285714,0.0
ScotchBrite Sponge WipeLarge Pack of 3,0,1,6,7,85.71428571428571,0.0,14.285714285714285
"Aroma NB119 Titanium - 48 Hours Playtime Bluetooth Neckband Bluetooth Headset??????(Green, In the Ear)",1,0,6,7,85.71428571428571,14.285714285714285,0.0
Aero Seeds Aero Seeds 45 Varieties 2700 seedsOrganicHybrid Fruits  Vegetables Seed with Start your own Garden Seed4000 per packet,0,2,5,7,71.42857142857143,0.0,28.57142857142857
Portronics POR-122 MODESK Universal Mobile Holder (Black) Mobile Holder,1,0,5,6,83.33333333333334,16.666666666666664,0.0
"ASUS VivoBook 15 (2022) Core i3 10th Gen - (8 GB/512 GB SSD/Windows 11 Home) X515JA-EJ362WS | X515JA-EJ392WS Thin and Light LaptopÐÒ?ÐÓ®ÐÂ ÐÒ?ÐÓ®ÐÂ (15.6 inch, Transparent Silver, 1.80 kg, With MS Office)",1,1,4,6,66.66666666666666,16.666666666666664,16.666666666666664
Futurekart Ear Plugs Soft Silica Gel Noise Ear Plug??????????(Multicolor),2,1,3,6,50.0,33.33333333333333,16.666666666666664
Furnifry Wooden Wall Mounted TV StandTV Entertainment UnitTV Cabinet with Utility Shelves for SetTop Box  Decorative ObjectsSetTop Box StandIdeal for Up to 42 Accessories Included Engineered Wood TV Entertainment UnitFinish Color  Black and Brown DIYDoItYourself,0,2,4,6,66.66666666666666,0.0,33.33333333333333
SHF Cotton Floor MatMulticolor Medium Pack of 5,0,0,6,6,100.0,0.0,0.0
SONY Mega Bass Xs-Fb162e Coaxial Car Speaker??????(260 W),0,2,4,6,66.66666666666666,0.0,33.33333333333333
ELV Portable Aluminium Mobile Stand Holder With Convenient Charging for Tablet and Smartphones Mobile Holder,1,1,4,6,66.66666666666666,16.666666666666664,16.666666666666664
Exclusive Range of Stylish Comfortable Sports Sneakers Running Shoes Running Shoes For Men????(Grey),0,6,0,6,0.0,0.0,100.0
Dhawani Skating Shoe have different size and with PU LED wheel In-line Skates - Size 38 - 41 UK In-line Skates - Size 6-9 UK??????????(Blue),0,1,5,6,83.33333333333334,0.0,16.666666666666664
"Revital Men Multivitamin with Calcium, Zinc & Ginseng for Immunity, Strong Bones & EnergyÐÓ®ÐÂ ÐÓ®ÐÂ (30 Capsules)",0,1,5,6,83.33333333333334,0.0,16.666666666666664
Auto Hub Black Grey Bike Face Mask for Men  WomenSize Free  Balaclava,3,0,3,6,50.0,50.0,0.0
"boAt Aavante Bar 500 Portable Soundbar 10 W Bluetooth SoundbarÐÒ?ÐÓ®ÐÂ ÐÒ?ÐÓ®ÐÂ (Black, Mono Channel)",1,1,4,6,66.66666666666666,16.666666666666664,16.666666666666664
Men Slim Fit Black Cotton Blend Trousers,0,6,0,6,0.0,0.0,100.0
"I Kall IK22 40 W Bluetooth Home Theatre??????(Black, 2.1 Channel)",1,0,5,6,83.33333333333334,16.666666666666664,0.0
"ASUS TUF Gaming A17 with 90Whr Battery Ryzen 5 Hexa Core AMD R5-4600H - (8 GB/512 GB SSD/Windows 11 Home/4 GB Graphics/NVIDIA GeForce GTX 1650/144 Hz) FA706IHRB-HX041W Gaming LaptopÐÒ?ÐÓ®ÐÂ ÐÒ?ÐÓ®ÐÂ (17.3 Inch, Graphite Black, 2.60 Kg)",0,1,5,6,83.33333333333334,0.0,16.666666666666664
AOQ Cleaning Brush Feather Microfiber Duster with Extendable Rod Dust Cleaner Fit Ceiling Fan Car Home Office Cleaning Tools Wet and Dry Duster,0,0,6,6,100.0,0.0,0.0
PHILIPS by philips HL757700 VIVA COLLECTION 600 Juicer Multicolor,2,1,3,6,50.0,33.33333333333333,16.666666666666664
Woodbuzz Engineered Wood Study TableFree Standing Finish Color  Frosty White  Yellow DIYDoItYourself,0,2,4,6,66.66666666666666,0.0,33.33333333333333
Furnifry Wooden Wall Mounted TV Entertainment UnitTV StandTV CabinetSetTop Box Stand Engineered Wood TV Entertainment UnitFinish Color  Grey and White DIYDoItYourself,0,1,5,6,83.33333333333334,0.0,16.666666666666664
"Fashion Tree TW12 Steel Toe Genuine Leather Safety Shoe??????(Black, SB)",3,1,2,6,33.33333333333333,50.0,16.666666666666664
Inalsa Fiesta Lx 650 W Food Processor??????????(White),2,1,3,6,50.0,33.33333333333333,16.666666666666664
TW0TG7304 Analog Watch   For Men,0,6,0,6,0.0,0.0,100.0
ULTRA Grind? 2.0 L Wet Grinder?ÐÒÐÒ?ÐÒÐÒ(Purple),0,1,5,6,83.33333333333334,0.0,16.666666666666664
"BLUECHIP BL43SmartTV TV Voltage Stabilizer for LED TV/Smart TV Up to 43 Inches , Set Top Box??????(Royal Blue)",0,2,4,6,66.66666666666666,0.0,33.33333333333333
Mi TV Stick with Built in Chromecast????(Black),3,2,1,6,16.666666666666664,50.0,33.33333333333333
SAMSUNG 23 L Solo Microwave OvenMS23A301TAK Black,0,1,5,6,83.33333333333334,0.0,16.666666666666664
furlay Engineered Wood Study TableFree Standing Finish Color  Black Walnut Shelf DIYDoItYourself,0,2,4,6,66.66666666666666,0.0,33.33333333333333
Canon PG47 Ink Catridge,0,1,5,6,83.33333333333334,0.0,16.666666666666664
AGARO Imperial Slow Juicer 240 Juicer Grey,0,0,6,6,100.0,0.0,0.0
Butterfly Rhino Plus Wet Grinder?ÐÒÐÒ?ÐÒÐÒ(Grey),0,1,5,6,83.33333333333334,0.0,16.666666666666664
thos 5 Layer Simple BookshelfMultipurpose RackChildren BookcasesFile Rack for OfficeStorage OrganizerCabinet Shelves for Bedroom Office Living Room Metal Open Book ShelfFinish Color  Grey DIYDoItYourself,1,1,4,6,66.66666666666666,16.666666666666664,16.666666666666664
realme Pad X 6 GB RAM 128 GB ROM 11 inch with Wi-Fi Tablet (Glowing Grey),0,2,4,6,66.66666666666666,0.0,33.33333333333333
"Top - Pyjama Set Thermal For Boys & Girls??????(Multicolor, Pack of 3)",0,6,0,6,0.0,0.0,100.0
MANGALAM Camphor Tablet 100g Jar  Pack of 1,0,0,6,6,100.0,0.0,0.0
BlackBook Of Samanya Jagrukta General Awareness  Hindi March 2022 By Nikhil GuptaPaperback Hindi NIKHIL GUPTA,0,2,4,6,66.66666666666666,0.0,33.33333333333333
thos 5 Layer Simple BookshelfMultipurpose RackChildren BookcasesFile Rack for OfficeStorage OrganizerCabinet Shelves for Bedroom Office Living Room Metal Open Book ShelfFinish Color  Black DIYDoItYourself,0,2,4,6,66.66666666666666,0.0,33.33333333333333
HF MRF GRAND Edition VK - 18 Full Size ( Ideal For 15-21 Years ) Complete Cricket Kit,0,1,5,6,83.33333333333334,0.0,16.666666666666664
S  K Store Carbon Steel Collapsible WardrobeFinish Color  Black DIYDoItYourself,1,2,3,6,50.0,16.666666666666664,33.33333333333333
VGuard Prime 1150 Pure Sine Wave Inverter,1,1,4,6,66.66666666666666,16.666666666666664,16.666666666666664
CEAT Hitman Full Size Double Blade Poplar Cricket Bat - Advance Play Poplar Willow Cricket  Bat??????(1.2 kg),0,2,4,6,66.66666666666666,0.0,33.33333333333333
"Mivi Roam2 5 W Bluetooth Speaker??????(Black, Mono Channel)",1,0,5,6,83.33333333333334,16.666666666666664,0.0
Greenchef Solona Table Top Grinder Wet Grinder?ÐÒÐÒ?ÐÒÐÒ(Pink),0,1,5,6,83.33333333333334,0.0,16.666666666666664
US DZIRE  512 Ganeshji craft Ceiling light wooden lamp shade With Bulb Hanging Night Lamp For Home Dcor office hotel Restaurant Pendants Ceiling LampYellow Brown,0,0,5,5,100.0,0.0,0.0
MANTAVYA Green Juicer New Model Hand Juicer Grinder 0 W Juicer 1 Jar Green,2,0,3,5,60.0,40.0,0.0
Toyvala Unique Robot Deform Super Speed Car With 3D Special Light (Yellow)?ÐÒÐÒ?ÐÒÐÒ(Multicolor),0,0,5,5,100.0,0.0,0.0
US DZIRE 431 Hanging lamp electric antique Wooden Ceiling LightsWith Gold BulbPendant Lamp shade Night Lamp for Living RoomBedroomofficeRestaurantDining HallHome decor CafeModern Kitchen etc Pendants Ceiling LampBeige Brown,0,2,3,5,60.0,0.0,40.0
Boys & Girls Full Sleeve Printed Sweatshirt,0,5,0,5,0.0,0.0,100.0
realme Pad X 6 GB RAM 128 GB ROM 11 inch with Wi-Fi Tablet (Glacier Blue),0,3,2,5,40.0,0.0,60.0
limraz furniture Engineered Wood Computer DeskStraight Finish Color  brown Preassembled,0,0,5,5,100.0,0.0,0.0
"SAMSUNG 198 L Direct Cool Single Door 4 Star Refrigerator with Base DrawerÐÒ?ÐÓ®ÐÂ ÐÒ?ÐÓ®ÐÂ (Camellia Blue, RR21T2H2XCU/HL)",1,0,4,5,80.0,20.0,0.0
3D METRO SUPER STORE JUICERGduumy 1 Juicer1 Handle1 Jar1 Glass 0 Juicer 1 Jar Green,1,1,3,5,60.0,20.0,20.0
Riyahandlooms Cotton Floor MatBlue Large Pack of 2,2,1,2,5,40.0,40.0,20.0
DOMS Art Strokes Kit,0,1,4,5,80.0,0.0,20.0
"DULCET DC-F200X 220W High Power Stereo Output Universal Fit Double Din Mp3 Car Stereo with Hands-Free Calling, Bluetooth, USB Input FM Radio, AUX Input, SD Card Slot, Remote Control, 7 Color LCD Display, ID3 Tag with EQ, Bass, Treble Balance & Fader Control DC-F200X Car Stereo??????(Double Din)",1,1,3,5,60.0,20.0,20.0
Auto Hub Two Wheeler Cover for HondaActiva 3G Black,4,0,1,5,20.0,80.0,0.0
Seagate Expansion for Windows and Mac with 3 years Data Recovery Services ?????? Portable 1 TB External Hard Disk Drive (HDD)??????????(Black),0,1,4,5,80.0,0.0,20.0
Woodbuzz Engineered Wood Study TableFree Standing Finish Color  Wenge Brown DIYDoItYourself,0,2,3,5,60.0,0.0,40.0
Women Regular Fit Red Viscose Rayon Trousers,0,5,0,5,0.0,0.0,100.0
Arpita Crafts Wooden 2 Pocket Pen Stand Om Swastik 8 Hook Brown Wood Key Holder Wood Key Holder8 Hooks Brown,0,2,3,5,60.0,0.0,40.0
1170BLBR Unique New Day  Date Analog Watch   For Men,0,5,0,5,0.0,0.0,100.0
"D-Link DIR-825 AC1200 Wi-Fi Gigabit 1200 Mbps Wireless Router?ÐÒÐÒ?ÐÒÐÒ(Black, Dual Band)",0,2,3,5,60.0,0.0,40.0
BROWNIE Engineered Wood Study TableFree Standing Finish Color  Brown Preassembled,0,0,5,5,100.0,0.0,0.0
"MSI Core i5 11th Gen - (8 GB/512 GB SSD/Windows 10 Home/4 GB Graphics/NVIDIA GeForce RTX 3050/144 Hz) GF63 Thin 11UC-867IN Gaming LaptopÐÒ?ÐÓ®ÐÂ ÐÒ?ÐÓ®ÐÂ (15.6 Inch, Black, 1.86 Kg)",0,0,5,5,100.0,0.0,0.0
Kadio Analog Silver Clock,0,1,4,5,80.0,0.0,20.0
Track Pant For Baby Boys  Baby GirlsMulticolor Pack of 5,0,5,0,5,0.0,0.0,100.0
Trixzoom Solid Ultimate Pastel Rose Gold Happy Birthday Decoration Set  119 Pcs Kit  Rosegold Happy Birthday Pastel  Metallic Balloons Heart Shape Balloons Tassels Pump  LED Lights Balloon BouquetMulticolor Pack of 119,0,1,4,5,80.0,0.0,20.0
"LEADER TORFIN 26T MTB Bicycle without Gear Single Speed with FS DD Brake 26 T Mountain CycleÐÓ®ÐÂ ÐÓ®ÐÂ (Single Speed, Black, Green)",1,2,2,5,40.0,20.0,40.0
"KENT Ace 8 L RO  UV  UF  TDS Water Purifier with Mineral ROTM Technology,In-tank UV DisinfectionÐÒ?ÐÓ®ÐÂ ÐÒ?ÐÓ®ÐÂ (White)",1,0,4,5,80.0,20.0,0.0
Solid Men Three Fourths,0,5,0,5,0.0,0.0,100.0
HARIOM ALL IN ONE Solid Wood Study TableFinish Color  SPIDERMAN BUILDING Preassembled,1,0,4,5,80.0,20.0,0.0
"Urban Terrain Berlin with Complete Accessories & Mobile Tracking App 27.5 T Hybrid Cycle/City BikeÐÓ®ÐÂ ÐÓ®ÐÂ (Single Speed, Black, Blue)",0,1,4,5,80.0,0.0,20.0
HERSHEY'S Cocoa Powder,1,1,3,5,60.0,20.0,20.0
Glun Water Quality Purity Tester 0-990 PPM Digital TDS Meter,1,0,4,5,80.0,20.0,0.0
"Google 30W - 5A ,USB-C,Power Adaptor for Google devices?ÐÒÐÒ?ÐÒÐÒ(White)",0,1,4,5,80.0,0.0,20.0
"Skylofts Soft Silicone Noise Reduction Ear Plugs for Sleeping, Meditation, Swimming adult and child, Reusable Earmuff for Travel Flights (Pack of 5) Ear Plug??????????(Multicolor)",1,0,4,5,80.0,20.0,0.0
Microtek MTKBD11S Pure Sine Wave Inverter Pure Sine Wave Inverter,0,0,5,5,100.0,0.0,0.0
JustandKrafts 75 L Blue Laundry BasketCotton,0,0,5,5,100.0,0.0,0.0
SUJATA by SUJATA Powermatic 900 W Juicer 1 Jar White,0,0,5,5,100.0,0.0,0.0
Fashion Deck H Non-electric 2 L Hot Water Bag??????(Green),1,0,4,5,80.0,20.0,0.0
Sheen Wet and Dry Microfiber Cleaning Cloth10 Units,2,2,1,5,20.0,40.0,40.0
Railway General Science  GK 11000Question Previous Question  Practice Set NTPC Group DPaperback Hindi Khan Sir,0,0,5,5,100.0,0.0,0.0
Women Casual Black Fabric Belt,0,5,0,5,0.0,0.0,100.0
Qozent Hand Gloves For Kitchen Dish Washing Combo Reusable Rubber Silicon Household Safety Wash Scrubber Heat Resistant Kitchen Gloves for Dish washing Cleaning Gardening Wet and Dry Glove hand gloves for kitchen Multicolour 1 Pair free size Dry Disposable GloveSmall,3,1,1,5,20.0,60.0,20.0
Habitat Green Plastic Area Rug45 cm  X 120 cm Rectangle,2,1,2,5,40.0,40.0,20.0
Jaspo Tenacity Lite Rubber Wheel Adjustable Quad Roller Skate (6-14 years) Quad Roller Skates - Size 1-8 UK??????????(Red),0,1,4,5,80.0,0.0,20.0
"Mi 18W Quick Charger for Mi,Redmi,Xiomi devices?ÐÒÐÒ?ÐÒÐÒ(Black)",1,0,4,5,80.0,20.0,0.0
Grey Women Sling Bag - Mini,0,5,0,5,0.0,0.0,100.0
"TP-Link Archer C6 MU-MIMO Gigabit 1200 Mbps Wireless Router?ÐÒÐÒ?ÐÒÐÒ(Black, Dual Band)",0,1,4,5,80.0,0.0,20.0
NIRVA High Pressure Brass Hose Nozzle Adjustable Water Spray gun for car Motorbike And Any Vehicle Cleaning  For Gardening For Washing  Forced Pichkari  With Best Quality with Hose Clamp Spray Gun,2,1,1,4,25.0,50.0,25.0
"Pack of 2 Printed Men Dark Blue, Blue Bermuda Shorts",0,4,0,4,0.0,0.0,100.0
Sarika Enterprises Mickey Mouse Shaped Soft Plush Cushion Fabric SofaFinish Color  Black Preassembled,0,0,4,4,100.0,0.0,0.0
Shri Ram Charit Manas Gita Press Gorakhpur  ShriRamCharitManas  ShriRamCharit Manas  Shri RamCharitManas  Shri RamCharit ManasHardcover Hindi Shri Goswami Tulsidas,0,0,4,4,100.0,0.0,0.0
"Prestige Atlas Delight Electric Rice Cooker??????(1.8 L, Blue)",2,1,1,4,25.0,50.0,25.0
"BAJAJ 3 L Instant Water Geyser (Ivora/ flora, White)",0,0,4,4,100.0,0.0,0.0
Women Pink Hand-held Bag,0,4,0,4,0.0,0.0,100.0
Women Relaxed Maroon Viscose Rayon Trousers,0,4,0,4,0.0,0.0,100.0
GLOBAL GREEN Dragon TreeHybrid Pack of 5,1,1,2,4,50.0,25.0,25.0
Qubo Outdoor Cam by HERO GROUP IP65 1080p Full HD CCTV with Intruder Alarm System Security Camera,0,1,3,4,75.0,0.0,25.0
Women Black Sling Bag,0,4,0,4,0.0,0.0,100.0
Embroco Polyester Fibre Solid Cushion Pack of 5White,1,1,2,4,50.0,25.0,25.0
Realistic Store Solid Happy Birthday Decoration Kit Combo  53 Pcs Birthday Banner Golden Foil Curtain Metallic Confetti Balloons For Boys Girls Wife Adult Husband Mom Dad  Happy Birthday Decoration Item BalloonMulticolor Pack of 53,0,1,3,4,75.0,0.0,25.0
FLIPZON Baby 6 Shelve Unbreakable Material PVC Collapsible WardrobeFinish Color  Blue DIYDoItYourself,0,3,1,4,25.0,0.0,75.0
mi star water proof copper blue 2000 2000 W Shock Proof Immersion Heater Rodwater,1,1,2,4,50.0,25.0,25.0
"F FERONS Wireless rechargeable portable Premium bass Multimedia FFRTG-113 9 W Bluetooth Speaker??????(Black, Stereo Channel)",2,0,2,4,50.0,50.0,0.0
"Aquagrand SkyLand 18 Ltr RO  UV  UF  TDS Water Purifier 18 L RO  UV  UF  TDS Water PurifierÐÒ?ÐÓ®ÐÂ ÐÒ?ÐÓ®ÐÂ (White, Blue)",1,0,3,4,75.0,25.0,0.0
"Adonai POT1.5LPINK Rice Cooker, Food Steamer, Travel Cooker, Slow Cooker, Electric Pressure Cooker??????(1.5 L, Pink)",1,1,2,4,50.0,25.0,25.0
APPLE iPad (9th Gen) 64 GB ROM 10.2 inch with Wi-Fi Only (Silver),0,2,2,4,50.0,0.0,50.0
lyfcare Adult Pull-Up Pants Diapers| XL-20 Pieces|Waist Size :35-54 Inch|Pack of 2 - XL??????(20 Pieces),0,0,4,4,100.0,0.0,0.0
"SB 33 W 4 A Mobile 33W -VOOC,DART,FLASH DH561 with Type-C Cable Charging Adapter Travel Fast Charger with Detachable Cable?ÐÒÐÒ?ÐÒÐÒ(White, Cable Included)",1,1,2,4,50.0,25.0,25.0
RSV Jewelery OrganizersRed Plastic,0,1,3,4,75.0,0.0,25.0
RBGIIT Latex Rubber Pink Special Dish Kitchen Platform WashingHome Bathroom Garden Other Type Of Safety Uses Sanitation Fashion Protective Home Kitchen Cleaing Gloves For Women And Girls 1 Pair Latex Rubber Safety Gloves New Latest Corean Design Latex Red Reusable Rubber 1 Pair 2 Pieces Hand Careing Long Sleeve Waterproof Safety Hand Gloves Cleaning Gloves Household  Bathroom Cleaning  Kitchen Platform Washing Washable Cloth Washing Good Quality Free Size Soft Scrubbing Dish washing Plate Dishes Pet Grooming Unique Multi Use Cleaning Garden And Bath Safety Industrial Heat And chemical Daily Uses Clean Gloves Wet and Dry Glove SetMedium Pack of 2,0,0,4,4,100.0,0.0,0.0
SUSI Jewelery OrganizersRed Plastic,0,0,4,4,100.0,0.0,0.0
Flipkart SmartBuy Blue Cotton Carpet136 cm  X 180 cm Rectangle,0,2,2,4,50.0,0.0,50.0
Goodson Cotton Floor MatNavy Grey Aqua Free Pack of 2,2,0,2,4,50.0,50.0,0.0
HL2022 New Trending Full Black Round Waterproof Gym Fitness Freek HL2022DTL Digital Watch   For Men,0,4,0,4,0.0,0.0,100.0
"HP 14s Intel Core i3 11th Gen - (8 GB/256 GB SSD/Windows 11 Home) 14s - dy2507TU Thin and Light LaptopÐÒ?ÐÓ®ÐÂ ÐÒ?ÐÓ®ÐÂ (14 inch, Natural Silver, 1.41 Kg, With MS Office)",1,1,2,4,50.0,25.0,25.0
aybor calling smartwatch with bluetooth SmartwatchBlack Strap FREE SIZE,0,2,2,4,50.0,0.0,50.0
ZANDU Balm (25 ml) Pack Of 3 BalmÐÓ®ÐÂ ÐÓ®ÐÂ (3 x 25 ml),0,1,3,4,75.0,0.0,25.0
Spotzero by Milton Prime Spin Mop,0,0,4,4,100.0,0.0,0.0
Cycle Om Shanthi Navin Cup Sambrani With Resin  Benzoin Fragrance  Pack Of 412 Set of 4,0,0,4,4,100.0,0.0,0.0
Cotton Blend Embroidered Red Men Dupatta,0,4,0,4,0.0,0.0,100.0
"Men Solid Single Breasted Casual, Wedding Blazer??????(Black)",0,4,0,4,0.0,0.0,100.0
"Urban Terrain Rio with Complete Accessories & Mobile Tracking App 26 T Hybrid Cycle/City BikeÐÓ®ÐÂ ÐÓ®ÐÂ (Single Speed, Yellow, Black)",0,1,3,4,75.0,0.0,25.0
"Urban Terrain Denver with Complete Accessories & Mobile Tracking App 27.5 T Hybrid Cycle/City BikeÐÓ®ÐÂ ÐÓ®ÐÂ (Single Speed, Silver, Black)",0,0,4,4,100.0,0.0,0.0
"IFB Neptune VX Plus Free Standing 15 Place Settings with Germ-Free Hygienic Wash, Made for Indian Kitchens, Steam Drying, Energy Efficient Dishwasher",0,1,3,4,75.0,0.0,25.0
Google Nest Mini (2nd Gen) with Google Assistant with Google Assistant Smart Speaker??????(Charcoal),1,0,3,4,75.0,25.0,0.0
VICTORY Heavy Plastic Cricket Stumps Set??????(Blue),0,2,2,4,50.0,0.0,50.0
Verona LAPTOP TABLE FOLDABLE001 Wood Portable Laptop TableFinish Color  Black DIYDoItYourself,0,0,4,4,100.0,0.0,0.0
HAVELLS Rigo without jars 0 jars 500 W Juicer White Blue,0,3,1,4,25.0,0.0,75.0
"SportSoul Cotton Gym & Athletic Abdomen Support??????????(Black, Blue)",1,0,3,4,75.0,25.0,0.0
"TITIRANGI 4 Pack 4WD Monster Truck Cars,Push and Go Toy Trucks Friction Powered Cars 4 Wheel Drive Vehicles for Toddlers Children Boys Girls Kids Gift-4PCS?ÐÒÐÒ?ÐÒÐÒ(Multicolor)",0,2,2,4,50.0,0.0,50.0
Swastik Housewares Stainless Steel Incense HolderSilver,0,2,2,4,50.0,0.0,50.0
Baby Girls PartyFestive Dress SlingbagMulticolor,0,4,0,4,0.0,0.0,100.0
MarQ by Flipkart 33-Litre 33AOTMQB Oven Toaster Grill (OTG) with 4 Skewers and Inbuilt lightÐÓ®ÐÂ ÐÓ®ÐÂ (Black),0,1,3,4,75.0,0.0,25.0
KJR32 KJR32 Analog Watch   For Men,0,4,0,4,0.0,0.0,100.0
"LEADER Scout 26T SEA Blue BLACK for Ride 26 T Mountain CycleÐÓ®ÐÂ ÐÓ®ÐÂ (Single Speed, Blue, Black)",0,1,3,4,75.0,0.0,25.0
JDX Polyester Fibre Solid Cushion Pack of 5White,0,0,4,4,100.0,0.0,0.0
Unique designed professioal and luxury style different 005 Analog Watch   For Men,0,4,0,4,0.0,0.0,100.0
KAYZL Manual Hand Juicer 0 Juicer 3 Jars Green,2,1,1,4,25.0,50.0,25.0
Men Brown Sandal,0,4,0,4,0.0,0.0,100.0
"MOTOROLA AmphisoundX Atom with HDMI Arc 120 W Bluetooth SoundbarÐÒ?ÐÓ®ÐÂ ÐÒ?ÐÓ®ÐÂ (Black, 2.1 Channel)",0,1,3,4,75.0,0.0,25.0
Loafers For Men????(Black),0,4,0,4,0.0,0.0,100.0
"The Sharp Club SH2004BK Steel Toe Leather Safety Shoe??????(Black, S1)",0,1,3,4,75.0,0.0,25.0
"Lenovo IdeaPad Gaming Core i5 11th Gen - (8 GB/512 GB SSD/Windows 11 Home/4 GB Graphics/NVIDIA GeForce GTX 1650) 82K101B6IN|82K101FTIN Gaming LaptopÐÒ?ÐÓ®ÐÂ ÐÒ?ÐÓ®ÐÂ (15.6 Inch, Shadow Black, 2.25 kg)",0,3,1,4,25.0,0.0,75.0
CRAFTIFY High Quality 1500 W Immersion Heater RodWater,0,1,3,4,75.0,0.0,25.0
LS2821 Bleed Blue Day and Date Functioning Strap Adult Quartz Analog Watch   For Men,0,4,0,4,0.0,0.0,100.0
Tanunni Mobile Holder Red Color Mobile Holder,0,2,2,4,50.0,0.0,50.0
tHemiStO Beginners 8 in 1 Soldering iron Kit 25 W SimpleFlat Tip,0,0,4,4,100.0,0.0,0.0
"kay1steel boot jabba Steel Toe Genuine Leather Safety Shoe??????(Black, S1, S1P)",0,3,0,3,0.0,0.0,100.0
godryft by GoMechanic Premium Speakers with Extra Bass & Superior Sound Technology S2 6'' 70W RMS 280W 2 Way Super Bass Series Coaxial Car Speaker Coaxial Car Speaker??????(280 W),0,0,3,3,100.0,0.0,0.0
cello Pack of 18 Opalware Cello Dazzle Tropical Lagoon Opalware Dinner Set 18 Pieces Dinner SetWhite Microwave Safe,0,1,2,3,66.66666666666666,0.0,33.33333333333333
SAISWAR OXO Bio deagradable Dustbin garbage cover medium pack of 3 19X21inch black Plastic DustbinBlack Pack of 3,0,1,2,3,66.66666666666666,0.0,33.33333333333333
realme Smart Tv Stick Media Streaming Device????(Black),1,0,2,3,66.66666666666666,33.33333333333333,0.0
"AJRO DEAL Double Spring Tummy Trimmer - Multipurpose Fitness Equipment (Black) Ab ExerciserÐÒ?ÐÓ®ÐÂ ÐÒ?ÐÓ®ÐÂ (Black, Multicolor)",0,0,3,3,100.0,0.0,0.0
MALABAR GOLD & DIAMONDS NBJCHN024 Rope Chain Yellow Gold Precious Chain??????(18kt),0,3,0,3,0.0,0.0,100.0
MAGICAL Floral Single Mink Blanket for  Heavy WinterMicrofiber Brown,0,0,3,3,100.0,0.0,0.0
Butterfly Rapid Kettle 1.5 Litre + Eco 750 Ml Water Bottle,1,0,2,3,66.66666666666666,33.33333333333333,0.0
"Candes Florence 1200 mm Energy Saving 3 Blade Ceiling Fan??????????(Silver Blue, Pack of 2)",0,1,2,3,66.66666666666666,0.0,33.33333333333333
Canon PG 745S Black Ink Cartridge,2,0,1,3,33.33333333333333,66.66666666666666,0.0
Bestie Toys Adjustable kids Suitable Quad Roller Skates - Size 6 years to 12 years UK??????????(Blue),0,1,2,3,66.66666666666666,0.0,33.33333333333333
LUMINOUS Power Sine 800 Pure Sine Wave Inverter,0,3,0,3,0.0,0.0,100.0
Torche Scholar study table desktop tableoffice table Solid Wood Study TableFree Standing Finish Color  Gold and White DIYDoItYourself,0,0,3,3,100.0,0.0,0.0
"TP-Link Archer C24 Multi-Mode 750 Mbps Wireless Router?ÐÒÐÒ?ÐÒÐÒ(White, Dual Band)",1,1,1,3,33.33333333333333,33.33333333333333,33.33333333333333
Inalsa Easy Prep_ 800 W Food Processor??????????(Black),1,1,1,3,33.33333333333333,33.33333333333333,33.33333333333333
KareIn Classic Pant Style Adult Diapers - M??????(10 Pieces),0,1,2,3,66.66666666666666,0.0,33.33333333333333
Kadio Analog 20 cm X 20 cm Wall ClockWhite With Glass Standard,0,0,3,3,100.0,0.0,0.0
Magic Balloons Solid Birthday Decorations  95Pcs Silver Happy Birthday Foil Balloon Star Foil Metallic Foil Curtain Princess Theme Birthday DecorationBirthday Decorations for Girl BalloonMulticolor Pack of 95,0,0,3,3,100.0,0.0,0.0
MSB FAB Maroon Velvet Carpet150 cm  X 210 cm Rectangle,1,1,1,3,33.33333333333333,33.33333333333333,33.33333333333333
Men Graphic Print Round Neck White T-Shirt,0,3,0,3,0.0,0.0,100.0
MRF ENDORSED | for Light/Hard Tennis Ball [with Cover] | Full Size (SH) Natural Poplar Willow Cricket  Bat??????????(1000-1200 g),1,1,1,3,33.33333333333333,33.33333333333333,33.33333333333333
TW00ZR347 Analog Watch   For Men,0,3,0,3,0.0,0.0,100.0
Khatu Crafts Printed Radhakrishna Two Box Key Holder Wood Key Holder8 Hooks Multicolor,0,2,1,3,33.33333333333333,0.0,66.66666666666666
BOSCH SMS66GI01I Free Standing 13 Place Settings Intensive Kadhai Cleaning| No Pre-rinse Required Dishwasher,0,2,1,3,33.33333333333333,0.0,66.66666666666666
BLUECHIP BL55SmartTV2.1Amp TV Voltage Stabilizer for LED TV/Smart TV Up to 55 Inches + Set Top Box + home theater??????(Sea-Green),0,0,3,3,100.0,0.0,0.0
"BLUECHIP 100% Copper BL72SmartTV3.2Amp TV Voltage Stabilizer for LED TV/Smart TV Up to 72 + Inches + Set Top Box + home theater , With 3 Years Warranty ( 100% Copper )??????(Black, Gold)",0,2,1,3,33.33333333333333,0.0,66.66666666666666
"ULTRA Perfect  2.0 L Wet Grinder?ÐÒÐÒ?ÐÒÐÒ(Purple, White)",0,2,1,3,33.33333333333333,0.0,66.66666666666666
LA VERNE Self Design Double Mink Blanket for  Heavy WinterWoollen Blend Grey,3,0,0,3,0.0,100.0,0.0
LCS8188 TRENDING DAY  DATE FUNCTIONING Analog Watch   For Men,0,3,0,3,0.0,0.0,100.0
Baby Boys  Baby Girls PartyFestive Tshirt ShortsOrange,0,3,0,3,0.0,0.0,100.0
The Answer Writing Manual For UPSC Civil Services Exam  State PSC By Srushti Deshmukh IASPaperback Srushti Deshmukh IAS,0,0,3,3,100.0,0.0,0.0
Men Printed Bandhgala Party Blazer??????(Multicolor),0,3,0,3,0.0,0.0,100.0
"Mi 4A Wireless MU-MIMO Gigabit 1200 Mbps Router?ÐÒÐÒ?ÐÒÐÒ(White, Dual Band)",0,0,3,3,100.0,0.0,0.0
"TP-Link TL-WA850RE(IN) 300 Mbps WiFi Range Extender?ÐÒÐÒ?ÐÒÐÒ(White, Single Band)",0,1,2,3,66.66666666666666,0.0,33.33333333333333
Men Blue Genuine Leather Wallet - Mini??????(6 Card Slots),0,3,0,3,0.0,0.0,100.0
Men Solid Single Breasted Festive & Wedding Blazer??????(Blue),0,3,0,3,0.0,0.0,100.0
Hillgrove Electronic 3in1 Mobile Soldering Iron Equipment Tool Machine Combo Kit Set with Flux Paste and Wire 25 W SimpleFlat Tip,0,0,3,3,100.0,0.0,0.0
"Greenfinity Baker's Active Dry Yeast, 75g Yeast Powder",0,1,2,3,66.66666666666666,0.0,33.33333333333333
Men Self Design Single Breasted Casual Blazer??????(Yellow),0,3,0,3,0.0,0.0,100.0
"Men Solid Single Breasted Casual, Festive, Formal, Festive & Wedding, Party, Wedding Blazer??????(Blue)",0,3,0,3,0.0,0.0,100.0
"Sulfur Best Buy Ultra DJ Sound Blast Portable Best Bluetoothwith Super deep Bass Wireless Rechargeable dj Sound Bluetooth| Extra Baas Stereo sound quality |Led Colour Changing Lights | mini Home theatre| Speaker Support TF/USB/Pen Drive/AUX Slot 10 W Bluetooth Car Speaker??????(Black, Stereo Channel)",1,0,2,3,66.66666666666666,33.33333333333333,0.0
"Crompton Hill Briz Deco 1200 mm 3 Blade Ceiling Fan??????????(Smoked Brown, Pack of 1)",0,0,3,3,100.0,0.0,0.0
Butterfly Rhino 2 Ltr Wet Grinder?ÐÒÐÒ?ÐÒÐÒ(Cherry Red),1,1,1,3,33.33333333333333,33.33333333333333,33.33333333333333
"ZUNBELLA 3D Super Transparent Car Toy, Car Toy for Kids with 360 Degree Rotation, Gear Simulation Mechanical Car, Concept Racing Car, Sound & Light Toys for Kids Boys & Girls?ÐÒÐÒ?ÐÒÐÒ(Multicolor)",0,0,3,3,100.0,0.0,0.0
Unstitched Viscose Rayon Shirt Fabric Printed,0,3,0,3,0.0,0.0,100.0
Sument USB Decoration Star Light Projector LightDisco LightCar Night Lamp Decorations With Bedroom Romantic Mood Atmosphere Fit Car Party and More Shower Laser LightBall Diameter 15 cm,0,1,2,3,66.66666666666666,0.0,33.33333333333333
Prestige PWG 07 Wet Grinder?ÐÒÐÒ?ÐÒÐÒ(Black),0,1,2,3,66.66666666666666,0.0,33.33333333333333
"AdroitZ SUPERIOR QUALITY ANTI CUT SAFETY HAND GLOVE-13 Nylon, Synthetic, Latex  Safety Gloves??????(8)",1,1,1,3,33.33333333333333,33.33333333333333,33.33333333333333
"ASUS TUF Gaming F15 Core i5 10th Gen - (8 GB/512 GB SSD/Windows 11 Home/4 GB Graphics/NVIDIA GeForce GTX 1650/144 Hz) FX506LHB-HN358W Gaming LaptopÐÒ?ÐÓ®ÐÂ ÐÒ?ÐÓ®ÐÂ (15.6 inch, Black Plastic, 2.30 kg kg)",0,1,2,3,66.66666666666666,0.0,33.33333333333333
DRAMIQ Beautiful Kapoor DaniAroma Diffuser Cum Night Lamp Electrical Camphor Diffuser Plastic Incense HolderWhite,1,1,1,3,33.33333333333333,33.33333333333333,33.33333333333333
DULCET DC-D9000X 220W Detachable Front Panel Universal Fit Single Din Mp3 Car Stereo with Dual USB Ports/Bluetooth/Hands Free Calling/FM/AUX Input/SD Card Slot & Remote Control DC-D9000X Car Stereo??????(Single Din),0,2,1,3,33.33333333333333,0.0,66.66666666666666
Airtel Regular Digital TV DTH Remote Compatible with SD and HD Recording (Black) Airtel Remote Controller??????(Black),0,2,1,3,33.33333333333333,0.0,66.66666666666666
Exclusive Affordable Collection of Trendy & Stylish Sport Sneakers Shoes Running Shoes For Men????(Black),0,3,0,3,0.0,0.0,100.0
Anayatech Solid Doreamon combo with star happy birthday combo happy birthday foil balloon2 doreamon foil balloon2 blue star foil2 silver curtain36 blue and white balloonpack of 50 BalloonBlue White Pack of 51,0,0,3,3,100.0,0.0,0.0
"Ang Refill kit Compatible Dye ink for HP cartridge 805, 803, 680, 678, 682, 818, 802, 901, 703, 704, 46, 21, 22, 27, 28, 56, 57, canon 88, 98 Cartridges 4 Refill ink bottle_With 5 Syringe & 1 nos Suction Tool Kit set 2 set hand glove ND tissue paper Black  Tri Color Combo Pack Ink Cartridge",2,1,0,3,0.0,66.66666666666666,33.33333333333333
Airtel Regular Digital TV SD/HD DTH Compatible Remote UNIVERSAL Remote Controller??????(Black),0,0,3,3,100.0,0.0,0.0
Principles Of Indian Geography English  1st Edition For UPSC CSE Prelims  Mains By Study IQPaperback StudyIQ Publications,0,0,3,3,100.0,0.0,0.0
SSTOYS 3D Fast Modern Car?ÐÒÐÒ?ÐÒÐÒ(Multicolor),0,2,1,3,33.33333333333333,0.0,66.66666666666666
SUSI by SUSI Jewelery OrganizersGreen Plastic,0,0,3,3,100.0,0.0,0.0
WD Elements 2 TB Wired External Hard Disk Drive (HDD)??????????(Black),0,0,3,3,100.0,0.0,0.0
Women Formal Black Synthetic Belt,0,3,0,3,0.0,0.0,100.0
Demya king of steel Solid wood Desk ChairFinish Color  BLUE Preassembled,0,1,2,3,66.66666666666666,0.0,33.33333333333333
RedShell SmartBuy ISI Mark ShockProof  WaterProof 2000 W Immersion Heater RodTubular,0,1,2,3,66.66666666666666,0.0,33.33333333333333
FLORICAN Height and Angle Adjustable Mobile Holder,0,0,3,3,100.0,0.0,0.0
PRAGATI TRENDS Lab Coat??????(Poly Cotton),0,1,2,3,66.66666666666666,0.0,33.33333333333333
Prestige CleanHome Fruit and Vegetable Cleaner (P0Z 1.0 ) 230 Volts Food Processor??????????(White and Blue),0,1,2,3,66.66666666666666,0.0,33.33333333333333
PMW Karakkaya  Harad  Aralu  Inknut  Haritaki  Kadukkai  Harar  Terminalia Chebula  500g Seed500 per packet,0,0,3,3,100.0,0.0,0.0
Prerana Microfibre Solid Cushion Pack of 5White,2,0,1,3,33.33333333333333,66.66666666666666,0.0
EdenSoul USB Rechargeable Moon Lamp 5 Color Changing Sensor Touch Decoration Crystal Ball Night Lamp with Wooden Stand Moon Lamp Night Lamp20 cm White,1,1,1,3,33.33333333333333,33.33333333333333,33.33333333333333
Qubo Smart Cam 360 Q100 by HERO GROUP 1080p FHD WiFi CCTV with Intruder Alarm System Security Camera,1,1,1,3,33.33333333333333,33.33333333333333,33.33333333333333
Pearl World Soft Plush Cushion Baby Sofa Seat or Rocking Chair for Kids  Best birthday Gift for Kids Fabric SofaFinish Color  Green Preassembled,0,1,2,3,66.66666666666666,0.0,33.33333333333333
Flipkart SmartBuy 45 L Green White Blue Laundry BagNonWoven,1,0,2,3,66.66666666666666,33.33333333333333,0.0
Flipkart Perfect Homes Sirena Engineered Wood TV Entertainment UnitFinish Color  Latin Walnut Knock Down,0,2,1,3,33.33333333333333,0.0,66.66666666666666
Flipkart Perfect Homes Dalton Engineered Wood Study TableFree Standing Finish Color  Dark Wenge Knock Down,1,0,2,3,66.66666666666666,33.33333333333333,0.0
Saral Home Microfiber Bathroom MatGrey Medium,1,0,2,3,66.66666666666666,33.33333333333333,0.0
Shmaya Solid 3 kitty theme balloon13 pc happy birthday banner3 kitty foil4 star foil 2 curtain30 balloon pack of 52 BalloonPink Pack of 52,1,2,0,3,0.0,33.33333333333333,66.66666666666666
Seagate One Touch with Password Protection for Windows & Mac with 3 years Data Recovery Services - Portable 1 TB External Hard Disk Drive (HDD)??????????(Space Gray),1,0,2,3,66.66666666666666,33.33333333333333,0.0
Shri Mahal Antiques CL1650 Ceiling Lamp jHHOMAR Chandelier Chandelier Ceiling Lamp CL 16509076 300mm Glass Crystal Big Size Jhhomar Lamp Ceiling Light For Living RoomHallBed Room etc Chandelier Ceiling LampGold,1,0,2,3,66.66666666666666,33.33333333333333,0.0
"Shopfloor.XYZ 3.5mm Clip Microphone For Youtube, Collar Mike For Voice Recording, Lapel Mic Mobile, Pc, Laptop, Android Smartphones, Dslr Camera Clip On Mini Lapel Lavalier Microphone??????(Black)",0,1,2,3,66.66666666666666,0.0,33.33333333333333
ArrowMax Swimming Kit(silicone cap/Swimming Goggle/Earplugs/Noseplug) Swimming Kit,0,0,3,3,100.0,0.0,0.0
Art Silk Self Design Gold Men Dupatta,0,3,0,3,0.0,0.0,100.0
Women Regular Fit Cream Viscose Rayon Trousers,0,3,0,3,0.0,0.0,100.0
Catvision DD FreeDish MPEG2 SD CSR-201SP Media Streaming Device????(Black),0,0,3,3,100.0,0.0,0.0
Women White Sling Bag,0,3,0,3,0.0,0.0,100.0
Women Regular Fit White Cotton Blend Trousers,0,3,0,3,0.0,0.0,100.0
PARTY BREEZE Solid rose gold pink white Happy Birthday Decoration Combo Kit with Banner Balloons Foil Curtain star foil 48pcs for Birthday Decoration Boys Kids Girl Husband Wife Girl Friend Adult BalloonWhite Pink Pack of 48,0,0,3,3,100.0,0.0,0.0
PAPILON 10 Shades Of Liquid Food Color (20 Ml X 10 Bottle) MulticolorÐÓ®ÐÂ ÐÓ®ÐÂ (20 ml),0,1,2,3,66.66666666666666,0.0,33.33333333333333
"GiftMax Smart Watch Magnetic Suction Charger For 2 Pin (Noise Colorfit Pro 2,3, Boat strom,Nexfit run) smart watch, 44mm Adapter Length 45 cm Compatible with USB  Charging Cable 0.45 m Magnetic Charging Cable (Compatible with Nextfit Run, Colorfit Pro 2,, Colorfit Pro 3, Boat strom, Black, One Cable) 0.45 m Magnetic Charging Cable (Compatible with Nextfit Run, Colorfit Pro 2,, Colorfit Pro 3, Black, One Cable) Charging Pad",0,0,3,3,100.0,0.0,0.0
"Vero Forza Glide PRO (4 Piece) Thumb & Finger Sleeve for Mobile Game, Pubg, Cod, Freefire & Fortnite  Gaming Accessory KitÐÒ?ÐÓ®ÐÂ ÐÒ?ÐÓ®ÐÂ (Multicolor, For Android, iOS)",0,2,1,3,33.33333333333333,0.0,66.66666666666666
Nilkamal Plastic ChairFinish Color  PINK Preassembled,0,0,3,3,100.0,0.0,0.0
VICTORY Medium Weight ( Pack of 1 ) Rubber Cricket Tennis Ball Cricket Rubber Ball??????(Pack of 1),0,1,2,3,66.66666666666666,0.0,33.33333333333333
NOVA Submersible NIH 426 Instant Heat 1500 W Immersion Heater Rodwater,0,1,2,3,66.66666666666666,0.0,33.33333333333333
Solutions24x7 BEST QUALITY Swimming costume nose ear plug googles cap combo Swimming Kit,0,0,3,3,100.0,0.0,0.0
"IFB Neptune VX Free Standing 12 Place Settings with Germ-Free Hygienic Wash, Made for Indian Kitchens, Steam Drying, Energy Efficient Dishwasher",0,0,3,3,100.0,0.0,0.0
HP 805 Tri-Color Ink Cartridge,0,0,3,3,100.0,0.0,0.0
HP GK320 Wired USB Gaming KeyboardÐÒ?ÐÓ®ÐÂ ÐÒ?ÐÓ®ÐÂ (Black),0,0,2,2,100.0,0.0,0.0
"HP Ryzen 5 Hexa Core 5500U - (8 GB/512 GB SSD/Windows 11 Home) 15s- eq2144au Thin and Light LaptopÐÒ?ÐÓ®ÐÂ ÐÒ?ÐÓ®ÐÂ (15.6 inch, Natural Silver, 1.69 kg, With MS Office)",0,1,1,2,50.0,0.0,50.0
Hillgrove 10in1 Biggers 25W Soldering Iron Kit 25 W SimpleFlat Pointed Tip,0,1,1,2,50.0,0.0,50.0
"Men Solid Single Breasted Formal, Wedding Blazer??????(Blue)",0,2,0,2,0.0,0.0,100.0
Men Solid Single Breasted Formal Blazer??????(Dark Blue),0,2,0,2,0.0,0.0,100.0
Men Solid Single Breasted Casual Blazer??????(Blue),0,2,0,2,0.0,0.0,100.0
Hiru Party Light  50W RGB LED Brick Light Remote IP65 LED Flood Light Flood Light Outdoor LampMulticolor Blue Red Pink Yellow,1,0,1,2,50.0,50.0,0.0
"Mi 10W Fast Charger combo for Mi,Redmi,Xiomi devices (MicroUSB - Cable Included)?ÐÒÐÒ?ÐÒÐÒ(Black, Cable Included)",0,0,2,2,100.0,0.0,0.0
Men Solid Ankle LengthPack of 5,0,2,0,2,0.0,0.0,100.0
AutoPowerz Set of 4 9 LED RGB MultiColour Strip Car Atmosphere Light with Music Controller and Remote for All Cars Car Fancy LightsMulticolor,0,0,2,2,100.0,0.0,0.0
AutoPowerz White  Amber Flow LED Sequential Audi Style Daytime Running Lights Stickon Above Headlamp Car Fancy LightsWhite Yellow,1,0,1,2,50.0,50.0,0.0
"ZEBRONICS ZEB-BT701 RUCF 70 W Bluetooth Home TheatreÐÓ®ÐÂ ÐÓ®ÐÂ (Black, 7.1 Channel)",0,1,1,2,50.0,0.0,50.0
Clastik Solid Wood Study TableFinish Color  Multi Color Preassembled,1,0,1,2,50.0,50.0,0.0
Chhariya Crafts Metal Krishna with Cow Standing Under Tree Plying Flute Decorative Showpiece    17 cmMetal Gold,0,0,2,2,100.0,0.0,0.0
Home Full Bliss Engineered Wood TV Entertainment UnitFinish Color  Wenge Knock Down,1,0,1,2,50.0,50.0,0.0
Hold up Triangle Shape Mobile Holder For Table Desk Pack Of 5 Mobile Holder Mobile Holder,0,0,2,2,100.0,0.0,0.0
US DZIRE Pendants Ceiling LampBrown,0,0,2,2,100.0,0.0,0.0
Story Books Set of 10 in English with 101 Moral Stories from Inikao   InIkao Moral StoriesEnglish Paperback unknown,0,0,2,2,100.0,0.0,0.0
bandhan WLRB5 Pendants Ceiling LampOrange,0,0,2,2,100.0,0.0,0.0
Manogyam Soft Comfortable Heel silicone Gel Set 2 Pieces Shoe Heel Protector Pain Relieve Heel SupportÐÒ?ÐÓ®ÐÂ ÐÒ?ÐÓ®ÐÂ (Beige),0,0,2,2,100.0,0.0,0.0
Mayne Flying Remote Control RC Induction Type 2-in-1 Indoor Outdoor Helicopter?ÐÒÐÒ?ÐÒÐÒ(Multicolor),1,0,1,2,50.0,50.0,0.0
Baby Boys  Baby Girls PartyFestive Tshirt ShortsBlue,0,2,0,2,0.0,0.0,100.0
YONEX GR 303 F Blue Strung Badminton RacquetPack of 1 95 g,0,0,2,2,100.0,0.0,0.0
LS2734 Wolf Gents Exclusive Mesh Strap Analog Analog Watch   For Men,0,2,0,2,0.0,0.0,100.0
BOSCH SMS66GW01I Free Standing 13 Place Settings Intensive Kadhai Cleaning| No Pre-rinse Required Dishwasher,0,0,2,2,100.0,0.0,0.0
Yutiriti 10 Pc Round Hanging Ball Paper Lantern Multicolor Paper Hanging Lantern25 cm X 25 cm Pack of 10,0,1,1,2,50.0,0.0,50.0
"TXOR NEXUS with Heart Rate & BP Monitor 35mm Screen Black SmartwatchÐÒ?ÐÓ®ÐÂ ÐÒ?ÐÓ®ÐÂ (Black Strap, Standard)",1,1,0,2,0.0,50.0,50.0
Indian Economy English  1st Edition For UPSC CSE Prelims  Mains By Study IQPaperback StudyIQ Publications,0,0,2,2,100.0,0.0,0.0
Men Checkered Single Breasted Formal Blazer??????(Multicolor),0,2,0,2,0.0,0.0,100.0
Jaspo Adjustable Roller Skates Suitable for Age Group 6 to 14 Years Quad Roller Skates - Size 6 UK??????????(Red),0,0,2,2,100.0,0.0,0.0
JSR Organics Kamal Seed20 per packet,0,0,2,2,100.0,0.0,0.0
LUXOR All-In-One Stationery & Art Kit,0,0,2,2,100.0,0.0,0.0
"ANTIOUE MART Wooden Set Top Box Stand Wall Mounted TV Cabinets Wall Selves Holds Speaker, Cable Boxes, Streaming Device, Game Console, Remote, WiFi Router Wooden Wall Shelf????(Number of Shelves - 3, Brown)",0,2,0,2,0.0,0.0,100.0
ANTRONIC Premium Quality 2000W 2000 W Immersion Heater RodWater,0,1,1,2,50.0,0.0,50.0
realme 4k Smart Google TV Stick (Black)????(Black),1,0,1,2,50.0,50.0,0.0
the indian casa Cricket Net 10x20 Feet Nylon Cricket Boundary And Practice Net (Green) Cricket Net??????(Green),0,0,2,2,100.0,0.0,0.0
"realme Mobile Game Finger Sleeves  Gaming Accessory KitÐÒ?ÐÓ®ÐÂ ÐÒ?ÐÓ®ÐÂ (Mottled Black, For Android, iOS)",0,0,2,2,100.0,0.0,0.0
"etmax NANO BLACK 30 W Bluetooth Home TheatreÐÓ®ÐÂ ÐÓ®ÐÂ (Black, Stereo Channel)",0,2,0,2,0.0,0.0,100.0
"etmax NANO BLACK 30 W Bluetooth Home Theatre??????(Black, Stereo Channel)",0,1,1,2,50.0,0.0,50.0
chawla overseas Red Cotton Carpet152 cm  X 214 cm Rectangle,1,1,0,2,0.0,50.0,50.0
Thomson Deluxe Plus 1600 W Steam IronBrown and White,0,1,1,2,50.0,0.0,50.0
"Thomson Kitchen Master MX01 500 W Mixer Grinder (3 Jars, White)",1,0,1,2,50.0,50.0,0.0
Lighthouse 3 Lights Round Cluster Chandelier Black Diamond Hanging Pendant Light with Braided Cord Bulb Not Includedset of 1 piece Pendants Ceiling LampBlack,0,0,2,2,100.0,0.0,0.0
LG DFB424FW Free Standing 14 Place Settings Intensive Kadhai Cleaning| No Pre-rinse Required Dishwasher,0,0,2,2,100.0,0.0,0.0
MOOZMOB Shower Laser LightBall Diameter 3 cm,0,1,1,2,50.0,0.0,50.0
Briqre Victory Nutri Blend 20000 RPM Mixer Grinder 500 Juicer Mixer Grinder 2 Jars White,0,0,2,2,100.0,0.0,0.0
indian armar Engineered Wood Study TableFree Standing Finish Color  Black Chair Included Preassembled,0,0,2,2,100.0,0.0,0.0
77085PP03 Volt Analog Watch   For Men,0,2,0,2,0.0,0.0,100.0
Lakshmi ez Wet Grinder?ÐÒÐÒ?ÐÒÐÒ(Maroon),0,0,2,2,100.0,0.0,0.0
"Ozarro Black Genuine Leather Steel Toe Safety Shoe (S4422) Steel Toe Genuine Leather Safety Shoe??????(Black, S1)",0,0,2,2,100.0,0.0,0.0
PHILIPS HR7627/00 650 W Food Processor??????????(White),0,1,1,2,50.0,0.0,50.0
PHILIPS AC121720 Portable Room Air PurifierWhite,0,1,1,2,50.0,0.0,50.0
NEELAM KAVA002 Metal Desk ChairFinish Color  RED Preassembled,0,1,1,2,50.0,0.0,50.0
NEUDOT RELISH Engineered Wood Computer DeskStraight Finish Color  TEAK Knock Down,0,0,2,2,100.0,0.0,0.0
"Value Adds Wall Mount Set Top Box Iron Wall Shelf (Number of Shelves - 1, Black) Steel Wall Shelf??????(Number of Shelves - 1, Black)",0,0,2,2,100.0,0.0,0.0
PHILIPS AC288720 883 4887 20280 Portable Room Air PurifierWhite,1,0,1,2,50.0,50.0,0.0
Flipkart SmartBuy Leak Proof Pain Relief Non Electrical 2 L Hot Water Bag??????(Blue),1,0,1,2,50.0,50.0,0.0
Fun and Flex Solid Jungle Theme Animal Face Foil Balloons Garland Arch Kit for Birthday Party jungle Theme Party Baby Shower for Kids Decorations BalloonMulticolor Pack of 90,0,1,1,2,50.0,0.0,50.0
HARIOM ALL IN ONE Solid Wood Study TableFinish Color  KITTY PINK Preassembled,0,0,2,2,100.0,0.0,0.0
Home by nilkamal Walton Engineered Wood TV Entertainment UnitFinish Color  Classic Walnut Knock Down,1,0,1,2,50.0,50.0,0.0
HF MRF GRAND EDITON VK-18 ( Ideal For 15-21 Years) Hard Plastic bat for tennis ball PVC/Plastic Cricket  Bat??????(800-900 g),0,0,2,2,100.0,0.0,0.0
"HERO Skyper 26T 26 T Mountain/Hardtail CycleÐÓ®ÐÂ ÐÓ®ÐÂ (Single Speed, Black)",0,1,1,2,50.0,0.0,50.0
HARIOM ALL IN ONE Solid Wood Study TableFinish Color  MOTU PATLU Preassembled,0,2,0,2,0.0,0.0,100.0
VEDRID 10Watt LED Ceiling Down Light White Round Pack of 12 Recessed Ceiling LampWhite,0,2,0,2,0.0,0.0,100.0
FULL BLACK FANCY DIAL SPORT PU BELT WATCH  KING BRECELET PACK OF 3 Analog Watch   For Men,0,2,0,2,0.0,0.0,100.0
Flipkart Perfect Homes Studio Metal Open Book ShelfFinish Color  Black DIYDoItYourself,1,0,1,2,50.0,50.0,0.0
Flipkart SmartBuy 360 Spin Blue Bucket Mop Set with single Microfiber Refill Mop Set,0,0,2,2,100.0,0.0,0.0
"Flipkart SmartBuy 10W Fast Charger , Compatible with Vivo,Oppo,Gionee,Xiomi,Redmi,realme,infinix,POCO,iphone,Samsung,Mi devices (MicroUSB - Cable Included)?ÐÒÐÒ?ÐÒÐÒ(Black, Cable Included)",0,1,1,2,50.0,0.0,50.0
Pack of 3 Solid Men Multicolor Bermuda Shorts,0,2,0,2,0.0,0.0,100.0
Fundamentals Of Geography By Study IQPaperback StudyIQ Publications,0,1,1,2,50.0,0.0,50.0
"Women Party, Evening, Formal, Party Black Artificial Leather Belt",0,2,0,2,0.0,0.0,100.0
Sarvatr 20 Watt 4 Fan Blade Shape led Bulb Pendants Ceiling LampWhite,0,0,2,2,100.0,0.0,0.0
BD Chaurasias Human Anatomy 8th Edition 2019 Volume 1 2 34Paperpack BD Chaurasia,0,0,2,2,100.0,0.0,0.0
"ArrowMax Professional Anti-slip Fitness (Black , pack of 2 ) Easy comfort Wrist Support??????(Black)",0,0,2,2,100.0,0.0,0.0
Auto Hub Car Cover For Maruti Suzuki WagonR Without Mirror PocketsMulticolor,0,2,0,2,0.0,0.0,100.0
Art Silk Self Design Maroon Men Dupatta,0,2,0,2,0.0,0.0,100.0
Woodbuzz Engineered Wood Study TableFree Standing Finish Color  Walnut Knock Down,0,2,0,2,0.0,0.0,100.0
XAMILE Rose Diamond Table Lamp16 Color Changing RGB Touch  Remote Control Table Lamp195 cm Multicolor,0,0,2,2,100.0,0.0,0.0
BD Chaurasias Human Anatomy 8th Edition 2019 Volume 1 2 34Paperback BD Chaurasia,0,0,2,2,100.0,0.0,0.0
Women Regular Fit Black Georgette Trousers,0,2,0,2,0.0,0.0,100.0
Auto Hub Microfiber Vehicle Washing  ClothPack Of 2 800 GSM,1,1,0,2,0.0,50.0,50.0
Auto Hub Microfiber Vehicle Washing  ClothPack Of 3 800 GSM,0,1,1,2,50.0,0.0,50.0
Mi ACM6SC with HEPA Filter Smart App  Voice Control Portable Room Air PurifierWhite,1,0,1,2,50.0,50.0,0.0
Mi Box 4k Media Streaming Device????(Black),0,1,1,2,50.0,0.0,50.0
Soaring Engineered Wood Study TableFinish Color  green DIYDoItYourself,0,0,2,2,100.0,0.0,0.0
SportSoul Cotton Gym & Athletic Abdomen Support??????(Blue),0,0,2,2,100.0,0.0,0.0
"H&M Store MONDAY - SUNDAY (Morning, Noon, Night) Medicine organizer box | Pill organizer 21 Compartments, (Multicolor, Pack of 1) Pill Box??????(Multicolor)",0,0,2,2,100.0,0.0,0.0
"Google Nest Hub (2nd gen), Display with Google Assistant Smart Speaker??????(Charcoal)",0,1,1,2,50.0,0.0,50.0
Nova Plus Amaze NI 10 1100 W Dry IronGrey  Turquoise,1,0,1,2,50.0,50.0,0.0
Qubo Outdoor Cam by HERO GROUP IP65 1080p Full HD CCTV with Intruder Alarm System Security Camera1 Channel,0,1,1,2,50.0,0.0,50.0
Portronics 3 Amp Qualcomm 30 Turbo Car ChargerBlack,0,0,2,2,100.0,0.0,0.0
"Pediasure Complete Balanced Nutrition to Help Kids Grow Nutrition DrinkÐÓ®ÐÂ ÐÓ®ÐÂ (2x0.5 kg, Vanilla Flavored)",0,0,2,2,100.0,0.0,0.0
Portronics v50 Car Bluetooth Device with Transmitter Audio ReceiverBlack,1,0,1,2,50.0,50.0,0.0
RATNAS Plastic ChairFinish Color  GREEN Preassembled,0,0,2,2,100.0,0.0,0.0
POOJA Maroon PP Polypropylene Area Rug53 cm  X 153 cm Rectangle,0,1,1,2,50.0,0.0,50.0
POOWEREST Carbon Steel Collapsible WardrobeFinish Color  BLUE DIYDoItYourself,2,0,0,2,0.0,100.0,0.0
SONY XM-N502 Two Class AB Car Amplifier,0,1,1,2,50.0,0.0,50.0
SSC General Awareness Book For SSC CGL CHSL CPO And Other Govt ExamsPaperback StudyIQ Publications,0,0,2,2,100.0,0.0,0.0
SUPRIMO mixerjuicergrinder combo 3 jar 750 watt STARJ3 750 Juicer Mixer Grinder 3 Jars Blue,0,1,1,2,50.0,0.0,50.0
Saral Home Jute Door MatGreen Medium Pack of 3,0,1,1,2,50.0,0.0,50.0
"Prestige PRWO 1.8-2 Electric Rice Cooker with Steaming Feature??????(1.8 L, White)",0,0,2,2,100.0,0.0,0.0
ELV Aluminium Adjustable And Foldable Dock Mobile Holder,0,1,1,2,50.0,0.0,50.0
Voltas Beko DF14W Free Standing 14 Place Settings Intensive Kadhai Cleaning| No Pre-rinse Required Dishwasher,0,0,2,2,100.0,0.0,0.0
Flipkart SmartBuy Bucket Spin Mop Floor Cleaning and Mopping System2 Microfiber RefillsAqua BLUE Mop Bucket Mop Set,1,1,0,2,0.0,50.0,50.0
Ebee Engineered Wood Computer DeskModular Finish Color  Wenge DIYDoItYourself,0,0,2,2,100.0,0.0,0.0
WDIZE Magic Book For Kids ( 4 Book + 10 Refill + 1 Pen + 1 Grip ),0,1,1,2,50.0,0.0,50.0
Champions Reasoning Book For Bank  Insurance Exam English Printed Edition By Adda247Paperback Adda247 Publications,0,0,2,2,100.0,0.0,0.0
SMBT Anti Theft System Security Pad Lock with Burglar Smart Alarm Siren Motion Sensor Secure for Home Door gate Cycle Shop Bike Office Shutter Safety Lock Safety LockBlack,0,2,0,2,0.0,0.0,100.0
"RPM Euro Games Gaming Keyboard and Mouse Combo | Keyboard - With 7 Color Backlit | Suspension Caps | Backlit | 104 Keys | Mouse - Upto 3200 DPI, 4 Levels|6 Buttons | 7 Color RGB Wired USB Gaming Keyboard (Black) Wired USB Gaming KeyboardÐÒ?ÐÓ®ÐÂ ÐÒ?ÐÓ®ÐÂ (Black)",0,2,0,2,0.0,0.0,100.0
ROYAL TREND Fabric SofaFinish Color  Pink Preassembled,0,2,0,2,0.0,0.0,100.0
RATNAS Plastic ChairFinish Color  Pink DIYDoItYourself,0,1,1,2,50.0,0.0,50.0
SOFTSPUN Microfiber Vehicle Washing  ClothPack Of 4 340 GSM,0,1,1,2,50.0,0.0,50.0
Delite Kom Flex Engineered Wood TV Entertainment UnitFinish Color  Acacia DarkWhite DIYDoItYourself,0,1,1,2,50.0,0.0,50.0
DeoDap Microfiber Car Cleaning Duster for MultiPurpose Use Wet and Dry Duster Microfiber Cleaning Duster for MultiPurpose Use Big Wet and Dry Duster,0,1,1,2,50.0,0.0,50.0
Dinine Craft Adiyogi Shiva Statue For Car Dashboard Table Decor Idol Decorative Showpiece15 Decorative Showpiece    11 cmPolyresin Black,1,0,1,2,50.0,50.0,0.0
DivineCrafts Om Swastik 2 Pocket penstand Wood Key Holder8 Hooks Multicolor,0,1,1,2,50.0,0.0,50.0
"D&V ENGINEERING 2 Compartments Iron Remote control holder /stand /organizer for TV AC DTH STB Remotes with attractive DANCING lady??????(Black, Green, RED/PINK)",0,0,2,2,100.0,0.0,0.0
Divinext 1 week Pill Medicine Tablet Case box Storage 28 Days Pill Box??????(Multicolor),1,0,1,2,50.0,50.0,0.0
DBRW385DBRWN Day and Date Boys  Mans Stylish Analog Day  Date Analog Watch   For Men,0,2,0,2,0.0,0.0,100.0
DEMYA KINF OF STEEL Solid wood Desk ChairFinish Color  Multicolor Preassembled,0,0,2,2,100.0,0.0,0.0
SHF Velvet Door MatMulticolor Large Pack of 5,0,0,2,2,100.0,0.0,0.0
AQUANZA Pre housing complete set for ro Solid Filter Cartridge0005 Pack of 8,0,0,2,2,100.0,0.0,0.0
"mobspy 3.5mm Clip Microphone For Youtube | Collar Mic for Voice Recording | Lapel Mic Mobile, PC, Laptop, Android Smartphones, DSLR Camera Microphone Microphone collar mic??????(Black)",1,0,1,2,50.0,50.0,0.0
"ASUS Vivobook Pro 15 Ryzen 7 Octa Core AMD R7-4800H - (16 GB/512 GB SSD/Windows 11 Home/4 GB Graphics/NVIDIA GeForce GTX 1650 Max Q) M6500IH-HN702WS Creator LaptopÐÒ?ÐÓ®ÐÂ ÐÒ?ÐÓ®ÐÂ (15.6 Inch, Cool Silver, 1.80 Kg, With MS Office)",0,1,1,2,50.0,0.0,50.0
"DIXON Leather Skate Shoes with Carry Bag, Unisex Quad Roller Skates - Size 7??????????(Multicolor)",0,0,2,2,100.0,0.0,0.0
Ace Reasoning Ability For Banking And Insurance Book 2021 Third English EditionPaperback Adda247 Publications,0,1,1,2,50.0,0.0,50.0
Auto Hub Microfiber Vehicle Washing  ClothPack Of 4 800 GSM,0,0,2,2,100.0,0.0,0.0
SBI Bank PO 16 Yearwise Preliminary  Mains Solved Papers 2021  13 3rd EditionPaperback Disha Experts,0,0,2,2,100.0,0.0,0.0
AGARO Caspian Cool Mist Ultrasonic Humidifier Super Quiet Auto Shut Off Room Air PurifierWhite,0,1,0,1,0.0,0.0,100.0
"migwow Stunt Car 360?ÐÒÐÑrotating rolling radio control electric race car, (Blue)?ÐÒÐÒ?ÐÒÐÒ(Blue)",0,0,1,1,100.0,0.0,0.0
shyokand Fabric SofaFinish Color  Red Preassembled,0,0,1,1,100.0,0.0,0.0
songbird 4 INCH 280 W MAX DOOR SPEAKER With Dual SB-B10-15S Coaxial Car Speaker??????(280 W),1,0,0,1,0.0,100.0,0.0
Rock Crawler Waterproof Remote Controlled Rock Crawlerr RC Monster Truck (Blue)?ÐÒÐÒ?ÐÒÐÒ(Blue),1,0,0,1,0.0,100.0,0.0
Romper For Baby Boys Casual Printed Pure CottonMulticolor Pack of 1,0,1,0,1,0.0,0.0,100.0
SAMSUNG 28 L Convection Microwave OvenMC28A5025VP Black with Pattern,0,0,1,1,100.0,0.0,0.0
SAMSUNG DW60M5042FW/TL Free Standing 13 Place Settings Dishwasher,0,0,1,1,100.0,0.0,0.0
"Real Choice Kamni Sports Swimming Kit (Silicon Cap, Silicon Ear Plug, Swimming Nose Clip, Swimming Goggles) Swimming Kit Swimming Kit",0,0,1,1,100.0,0.0,0.0
Realistic Store Printed Happy Birthday Multi Dot Foil Letter Balloon With HD Multi Metallic Balloons  Curtain Gold For Girls Decoration kit Letter BalloonMulticolor Pack of 45,0,1,0,1,0.0,0.0,100.0
RinkiHF Blue Acrylic Carpet132 cm  X 183 cm Rectangle,0,0,1,1,100.0,0.0,0.0
Rixen Cricket Net 20x10 Feet Cricket Net??????(Blue),0,0,1,1,100.0,0.0,0.0
SONY XM-N1004 Multi Class AB Car Amplifier,0,0,1,1,100.0,0.0,0.0
"STYLERA 5 PAIR Anti Cutting Cut Resistant Hand Safety Gloves Cut-Proof Protection with Rubber Grade Wet and Dry Glove Nylon, Rubber  Safety Gloves??????(10)",0,0,1,1,100.0,0.0,0.0
SUSI Small plant growth Grow Bag,0,0,1,1,100.0,0.0,0.0
Prestige PWG 08 Wet Grinder?ÐÒÐÒ?ÐÒÐÒ(Black),0,0,1,1,100.0,0.0,0.0
Prestige PWG 09 Wet Grinder with Timer?ÐÒÐÒ?ÐÒÐÒ(Black),1,0,0,1,0.0,100.0,0.0
Qiisx Motorcycle Detachable Mask Goggle Outdoor Bicycles Dirtbike Goggles Windproof Moto Open Face Helmet Cross Masks Glasses Bike Off-Road Racing Glasses Motorcycle Riding Goggles Off Road Riding Color Eye wear Glasses Full Face Mask Goggles Bike Off-Road Racing Glasses Blowtorch Safety Goggle Blowtorch  Safety Goggle??????(Free-size),0,1,0,1,0.0,0.0,100.0
RATNAS Plastic ChairFinish Color  BLUE Preassembled,0,0,1,1,100.0,0.0,0.0
Pick Ur Needs 1 LEDs 015 m Multicolor Rice LightsPack of 1,0,0,1,1,100.0,0.0,0.0
Pick Ur Needs Bluetooth LED Bulb Colourful Builtin Audio Speaker Music Player With Remote Single Disco BallBall Diameter 6 cm,0,0,1,1,100.0,0.0,0.0
Pigeon Glory 550 W Mixer Grinder Multicolor 3 Jars with IB 3 Ltr Pressure Cooker Special Combo,0,1,0,1,0.0,0.0,100.0
Ponmani Power Plus Tilting Wet Grinder?ÐÒÐÒ?ÐÒÐÒ(Red),0,0,1,1,100.0,0.0,0.0
"Preethi WG 907 Wet Grinder?ÐÒÐÒ?ÐÒÐÒ(Purple, White, Silver)",0,0,1,1,100.0,0.0,0.0
Preethi WG-905 Wet Grinder?ÐÒÐÒ?ÐÒÐÒ(Purple),0,0,1,1,100.0,0.0,0.0
PHILIPS by Phlips HR188781 150 Juicer 1 Jar White,1,0,0,1,0.0,100.0,0.0
PHILIPS hl 1660 700 W Food Processor??????????(White),0,0,1,1,100.0,0.0,0.0
PRO365 Uplight Wall Lamp With Bulb,0,0,1,1,100.0,0.0,0.0
Pack of 2 Men Solid Black Blue Track Pants,0,1,0,1,0.0,0.0,100.0
Sheen Microfiber Vehicle Washing  ClothPack Of 10,0,0,1,1,100.0,0.0,0.0
"Ostrich HARD PLASTIC CRICKET COMBO PACK FOR 8 YEARS JUNIOURS( 1 BAT SIZE 3, WICKET 24'' INCHES , 1 BALL) Cricket Kit",0,0,1,1,100.0,0.0,0.0
PAPILON EMULSION PACK OF 6 BOTTLES 20ML EACH Mixed Fruit Liquid Food EssenceÐÓ®ÐÂ ÐÓ®ÐÂ (120 ml),0,0,1,1,100.0,0.0,0.0
PEDPIX PED EWD 6046 3 ShelfSet Top Box Shelf StandTV Panel  Cabinet for HomeLiving RoomDrwing Room Engineered Wood TV Entertainment UnitFinish Color  VENGE DIYDoItYourself,0,0,1,1,100.0,0.0,0.0
PHILIPS Citrus Press  HR2777  00 25 Juicer 1 Jar Black,0,0,1,1,100.0,0.0,0.0
NEOSAFE Stainless Steel Commode Chair front open & Shower chair (Grey) Commode Chair??????(Grey),0,0,1,1,100.0,0.0,0.0
New Combo Of Square Dial Black and White Silicone Strap Analog Watch   For Men,0,1,0,1,0.0,0.0,100.0
Nextron NX-AE100 Voltage Stabilizer for Smart LED TV for 32/43/55 inchs+Set Top Box +home theater??????(Black),0,1,0,1,0.0,0.0,100.0
Miss & Chief by Flipkart Chargeable 3D Remote Control Lighting Famous Car for 3 Years Kids?ÐÒÐÒ?ÐÒÐÒ(Blue),0,0,1,1,100.0,0.0,0.0
Moonstruck SEABREEZE DELUX COMBO PACK mixer and iron 550 watt 550 Juicer Mixer Grinder 2 Jars Multicolor,0,0,1,1,100.0,0.0,0.0
Small 5 L Backpack Stylish Cute Mini 3PCS Combo Set Backpack For Girls (Pink)??????(Pink),0,1,0,1,0.0,0.0,100.0
Soaring Kids Study  Play Wooden Adjustable Folding Printed Table and Chair Set for 2 to 6 Year Old Girls and Boys Baby Solid Wood Activity Table Finish Color  Red DIYDoItYourself Solid Wood Activity TableFinish Color  Red DIYDoItYourself,0,0,1,1,100.0,0.0,0.0
"Solid, Printed Men Three Fourths",0,1,0,1,0.0,0.0,100.0
"Sound Boss Androidify 3rd Generation 9"" Inch Android (2GB/16GB) Car Stereo??????(Double Din)",1,0,0,1,0.0,100.0,0.0
Sound Boss SB-2032 BLUETOOTH/USB/SD/AUX/FM/MP3 Car Stereo??????(Single Din),0,0,1,1,100.0,0.0,0.0
SportSoul Cotton Gym & Athletic Abdomen Support,0,0,1,1,100.0,0.0,0.0
SportSoul Thumb Wrap Wrist Support??????????(Grey),0,0,1,1,100.0,0.0,0.0
Spotzero by Milton Prime Mop With Big Wheels Bucket,0,0,1,1,100.0,0.0,0.0
Men Solid Single Breasted Formal Blazer??????(Black),0,1,0,1,0.0,0.0,100.0
Men Solid Single Breasted Formal Blazer??????(Grey),0,1,0,1,0.0,0.0,100.0
"Men Solid Single Breasted Formal, Wedding Blazer??????(Black)",0,1,0,1,0.0,0.0,100.0
"Men Solid Single Breasted Formal, Wedding Blazer??????(Brown)",0,1,0,1,0.0,0.0,100.0
"Men Solid Single Breasted Party, Formal Blazer??????(Blue)",0,1,0,1,0.0,0.0,100.0
"Men Solid Single Breasted Wedding, Casual, Festive Blazer??????(Blue)",0,1,0,1,0.0,0.0,100.0
Men Solid Double Breasted Casual Blazer??????(Blue),0,1,0,1,0.0,0.0,100.0
Men Solid Single Breasted Casual Blazer??????(Grey),0,1,0,1,0.0,0.0,100.0
Men Solid Single Breasted Casual Blazer??????(Purple),0,1,0,1,0.0,0.0,100.0
"Men Solid Single Breasted Casual, Festive & Wedding Blazer??????(Light Blue)",0,1,0,1,0.0,0.0,100.0
"Men Solid Single Breasted Casual, Festive, Festive & Wedding, Formal, Party, Wedding Blazer??????(Dark Blue)",0,1,0,1,0.0,0.0,100.0
"Men Solid Single Breasted Casual, Formal, Festive & Wedding, Party Blazer??????(Dark Blue)",0,1,0,1,0.0,0.0,100.0
Suncrown Furniture Sheesham Wood Solid Wood 2 SeaterFinish Color  Honey Finish DIYDoItYourself,0,0,1,1,100.0,0.0,0.0
TERABYTE Mini HDMI TO AV UP Scaler Full HD 720/1080p Video Converter Media Streaming Device Media Streaming Device????(White),0,0,1,1,100.0,0.0,0.0
TWISTO Lint Cutter for Clothes  Sweater Fabric Shaver NOVA Lint Shaver Under 500 Defuzzer Lints Trimmer Lint Roller for Clothes RUA Remover Machine  bur Remover from Clothes Foldable Lint Roller,0,1,0,1,0.0,0.0,100.0
"Men & Women Black Canvas, Fabric Belt",0,1,0,1,0.0,0.0,100.0
Men Blue Sandal,0,1,0,1,0.0,0.0,100.0
Men Checkered Double Breasted Formal Blazer??????(Blue),0,1,0,1,0.0,0.0,100.0
Men Checkered Single Breasted Formal Blazer??????(Dark Blue),0,1,0,1,0.0,0.0,100.0
MTG 35 Years NEET Previous Year Solved Question Papers With NEET Chapterwise Topicwise Solutions  NEET 2023 Preparation Books Set Of 3 Books NTA Neet 35 Years Questions Physics Chemistry BiologyPaperback MTG Editorial Board,0,0,1,1,100.0,0.0,0.0
Magic Balloons Solid Happy Birthday Balloon Set Of 35 Balloons 1 Happy Birthday Black Paper Banner 1 Light 2 Gold Star Foil Balloon 18 1 Red Star Foil Balloon 18 30 Red Gold Black Metallic balloon For Birthday Decoration BalloonRed Gold Black Pack of 35,0,0,1,1,100.0,0.0,0.0
MarQ by Flipkart 11-Litre 11AOTMQBU Oven Toaster Grill (OTG) with Bake TrayÐÓ®ÐÂ ÐÓ®ÐÂ (Blue),0,0,1,1,100.0,0.0,0.0
Mayne Exceed Helicopter With Remote Control Charging Helicopter Toys for Girls Boys?ÐÒÐÒ?ÐÒÐÒ(Multiple Random),0,0,1,1,100.0,0.0,0.0
Medaline 250 Watt Ultra Thin Slim Ip66 LED Flood Outdoor Light Cool White Waterproof 200WPack of 1 Flood Light Outdoor LampBlack,0,1,0,1,0.0,0.0,100.0
TYF CRICKET BAT POPLAR WILLOW FULL SIZE CRICKET BAT Poplar Willow Cricket Bat Poplar Willow Cricket  Bat??????????((900-1000 g) g),1,0,0,1,0.0,100.0,0.0
Tankit 360 degree Spin Mop With 6 Refills Durable Bucket With Extendable Handle For Perfect Cleaning Mop Set Mop Mop Bucket Mop Refill,1,0,0,1,0.0,100.0,0.0
Tata Sky Tatasky 03 Dth Univeral SD / HD Set Up Box Remote Controller with Batteries (Black) Tatasky Remote Controller??????(Black),0,0,1,1,100.0,0.0,0.0
"Top Thermal For Baby Boys & Baby Girls??????(Black, Pack of 2)",0,1,0,1,0.0,0.0,100.0
"Logitech G213 / Lightsync RGB, Spill-resistant, Palm-rest, Customizable Keys Wired USB Gaming KeyboardÐÒ?ÐÓ®ÐÂ ÐÒ?ÐÓ®ÐÂ (Black)",0,1,0,1,0.0,0.0,100.0
Lopezs Microfiber Floor MatGrey23mm Medium,0,0,1,1,100.0,0.0,0.0
MAHARAJA WHITELINE Mark1 Classic  JE106  450 W Juicer 1 Jar Red White,0,1,0,1,0.0,0.0,100.0
MOTOROLA AP 450 with HEPA Filter Smart App Connectvity Portable Room Air PurifierWhite,0,0,1,1,100.0,0.0,0.0
MRF (SIZE-6) TANNIS WOODEN KASHMERI POPULER WILLOW Poplar Willow Cricket  Bat??????(0.3 kg),0,0,1,1,100.0,0.0,0.0
LUMINOUS Eco Watt Neo 1050 Square Wave Inverter,0,1,0,1,0.0,0.0,100.0
LUMINOUS Vento Dlx 150 mm 5 Blade Exhaust Fan??????????(White),0,0,1,1,100.0,0.0,0.0
LURAGS Diamond natural brown set of 6 stumps with bails??????(Brown),1,0,0,1,0.0,100.0,0.0
"Lenovo IdeaPad 3 Ryzen 5 Hexa Core 5500U - (8 GB/512 GB SSD/Windows 11 Home) 15ALC6 Thin and Light LaptopÐÒ?ÐÓ®ÐÂ ÐÒ?ÐÓ®ÐÂ (15.6 inch, Arctic Grey, 1.65 kg, With MS Office)",0,0,1,1,100.0,0.0,0.0
KUBER INDUSTRIES Shelf OrganizersBeige Cotton,0,0,1,1,100.0,0.0,0.0
KUBER INDUSTRIES Shelf OrganizersBlack White Cotton,1,0,0,1,0.0,100.0,0.0
"Khadi Cotton Printed Black, White Men Dupatta",0,1,0,1,0.0,0.0,100.0
LA VERNE Self Design Double Mink Blanket for  Heavy WinterWoollen Blend Pink,0,0,1,1,100.0,0.0,0.0
"ULTRA Mini Wet Grinder?ÐÒÐÒ?ÐÒÐÒ(Purple, White)",0,0,1,1,100.0,0.0,0.0
UPC Upgraded Hands Free Squeeze Microfiber Flat Spin Mop 360 Flexible Head  Green Mop Set Bucket,0,0,1,1,100.0,0.0,0.0
UPC Upgraded HandsFree Squeeze Microfiber Flat Spin Mop System 360 Flexible Head Mop Set,0,0,1,1,100.0,0.0,0.0
"USHA FP 3810_ 1000 W Food Processor??????????(Black, Silver)",0,0,1,1,100.0,0.0,0.0
"USHA FP 3811_ 1000 W Food Processor??????????(Black, Silver)",0,1,0,1,0.0,0.0,100.0
Unstitched Polycotton Shirt  Trouser Fabric Printed,0,1,0,1,0.0,0.0,100.0
Inalsa Wonder Maxie Plus 700 W Food Processor??????????(White),0,1,0,1,0.0,0.0,100.0
Joyalukkas 22kt Purity Gold Jhumki Earring Yellow Gold 22kt Jhumki Earring,0,1,0,1,0.0,0.0,100.0
ICECLOUD Smart Watch 2 Pins Magnetic Suction Charger Cable Compatible Charging Pad,1,0,0,1,0.0,100.0,0.0
INKULTURE Cosmetic  Makeup OrganizersWhite Plastic,0,0,1,1,100.0,0.0,0.0
HP 46 Black Ink Cartridge,0,1,0,1,0.0,0.0,100.0
HP 682 Black Ink Cartridge,0,0,1,1,100.0,0.0,0.0
Hari Darshan Mix Cones  Dry Dhoop Sticks LavenderRoseSandalMogra Sandal Rose Lavender Jasmine Dhoop,0,0,1,1,100.0,0.0,0.0
Hello Baby Fabric SofaFinish Color  sky blue Preassembled,0,0,1,1,100.0,0.0,0.0
HARIOM ALL IN ONE Solid Wood Study TableFinish Color  ABCD KALAM Preassembled,0,0,1,1,100.0,0.0,0.0
HOFFICE Engineered Wood Study TableWall Mounted Finish Color  African Oak DIYDoItYourself,0,0,1,1,100.0,0.0,0.0
Urban Home 214 cm 702 ft PVC Transparent Door Curtain Single CurtainSolid Off White,0,0,1,1,100.0,0.0,0.0
V VINTON Car Cover For Kia SonetGrey,1,0,0,1,0.0,100.0,0.0
VICTORY Cricket Wind Ball (Pack of 1) - Made in India Smooth Cricket Cricket Synthetic Ball??????(Pack of 1),0,1,0,1,0.0,0.0,100.0
"Velvet Embroidered Gold, Maroon Men Dupatta",0,1,0,1,0.0,0.0,100.0
Giftoshopee Wooden  Iron Rocking Chair Garden Rocking Chair Solid Wood 1 Seater Rocking ChairsFinish Color  BROWN DIYDoItYourself,0,0,1,1,100.0,0.0,0.0
Glen GL 6033 Room Air PurifierWhite,0,0,1,1,100.0,0.0,0.0
Glen ISPA 90 BL Auto Clean Wall Mounted Chimney??????(Black 1050 CMH),0,0,1,1,100.0,0.0,0.0
Gojeeva Wooden Hanging Lamp suitable for Living RoomBedroomHallwaypack of 2 Pendants Ceiling LampBlack White,1,0,0,1,0.0,100.0,0.0
Google Chromecast with TV (4K) Media Streaming Device????(Snow),0,0,1,1,100.0,0.0,0.0
Furnifry Floating wall mounted tv standSet Top Box HolderTV Unit for living room Engineered Wood TV Entertainment UnitFinish Color  Black  White DIYDoItYourself,0,0,1,1,100.0,0.0,0.0
GREEN SOUL Jupiter Go High Back ErgonomicHome Office2D HeadrestLumbar Support Mesh Office Adjustable Arm ChairBlack DIYDoItYourself,0,1,0,1,0.0,0.0,100.0
"GUBB Silicone Ear Plugs For Noise Reduction For Studying, Sleeping & Meditation Pack of 3 Ear Plug??????????(Orange)",0,0,1,1,100.0,0.0,0.0
GaxQuly Multipurpose Vegetable Fruit Handy Chopper Machine with stainless steel blade Black Dori Pull Hand Master Chopper Manual Quick Onion Chopper for Kitchen 900ml 0 Juicer 1 Jar Black,0,0,1,1,100.0,0.0,0.0
Viscose Blend Striped Grey Men Dupatta,0,1,0,1,0.0,0.0,100.0
Voltas Beko DT8B Free Standing 8 Place Settings Intensive Kadhai Cleaning| No Pre-rinse Required Dishwasher,0,0,1,1,100.0,0.0,0.0
Voltas Beko DT8S Free Standing 8 Place Settings Dishwasher,0,0,1,1,100.0,0.0,0.0
"WONDERCHEF Nutri Pot Electric Pressure Cooker??????(3 L, Black & Silver)",0,1,0,1,0.0,0.0,100.0
Whirlpool CLASSIC CF 60 BK HOOD 60 cm 750 m??/hr Wall Mounted Chimney??????(Black 750 CMH),0,0,1,1,100.0,0.0,0.0
"Wishpool Cut Resistant Gloves - High Performance Level 5 Protection, Food Grade FREE SIZE Synthetic  Safety Gloves??????(2)",0,0,1,1,100.0,0.0,0.0
Women Black Artificial Leather Belt,0,1,0,1,0.0,0.0,100.0
Women Casual Gold Metal Belt,0,1,0,1,0.0,0.0,100.0
"Women Casual, Formal, Party, Evening Black, Gold Artificial Leather Belt",0,1,0,1,0.0,0.0,100.0
ESET Total Security 10 User 1 YearCDDVD,0,1,0,1,0.0,0.0,100.0
F8WARES 14inch Reusable Dishwashing Industrial Gardening Cleaning Rubber Hand Gloves Wet and Dry Glove??????(Large),0,0,1,1,100.0,0.0,0.0
FAST Trenddy Tainer Lace-ups Sporty Casuals Training & Gym Shoes For Men????(White),0,1,0,1,0.0,0.0,100.0
Das Dexter Engineered Wood TV Entertainment UnitFinish Color  Flowery Wenge DIYDoItYourself,0,0,1,1,100.0,0.0,0.0
Demya king of steel Plywood And Metal Study Playing Table Chair Set For KidsRed Metal Desk ChairFinish Color  Red DIYDoItYourself,0,1,0,1,0.0,0.0,100.0
Demya king of steel Solid wood Desk ChairFinish Color  RED Preassembled,0,0,1,1,100.0,0.0,0.0
Dinine Craft Wooden 2 Pocket Key Holder for Wall and Home Decor Decorative Showpiece    6 cmWood Brown,0,0,1,1,100.0,0.0,0.0
Dinine Craft Wooden 2 Pocket Key Holder for Wall and Home Decor Decorative Showpiece    6 cmWood Brown Yellow,0,0,1,1,100.0,0.0,0.0
"D&V ENGINEERING 2 Compartments Iron Remote control holder /stand /organizer for TV AC DTH STB Remotes with attractive Dancing Lady??????(Black, Green, Pink)",0,0,1,1,100.0,0.0,0.0
"D&V ENGINEERING Sturdy Set top Box Stand,DVD,DTH,Telephone, WiFi Modems Stand for Home Steel Wall Shelf (Wide Shelf) Iron Wall Shelf??????(Number of Shelves - 1, Black)",0,0,1,1,100.0,0.0,0.0
DALUCI Waterproof Swimming Professional Silicone Swim Earplugs for Adult Swimmers Children Diving Soft Anti-Noise Ear Plug Ear Plug??????????(Multicolor),0,0,1,1,100.0,0.0,0.0
DV NOVAKING 1500 WATT IMMERSION ROD 1500 W Shock Proof Immersion Heater RodWATER,0,0,1,1,100.0,0.0,0.0
"Dallao Waterproof Remote Controlled Rock Crawler RC Monster Car With Wheel Remote , 4 Wheels , 1 Stepnee, , 1:20 scale?ÐÒÐÒ?ÐÒÐÒ(Blue)",0,0,1,1,100.0,0.0,0.0
Women Regular Fit Black Viscose Rayon Trousers,0,1,0,1,0.0,0.0,100.0
Women Solid Winter Coat,0,1,0,1,0.0,0.0,100.0
Chipku Yellow Sticky TrapInsect TrapGlue Trapfor Whiteflies Thripsfor Garden  Farm Pack Of 20 Traps20 x 1 Units,0,0,1,1,100.0,0.0,0.0
Cola Music Bamboo Flute??????(45 cm),1,0,0,1,0.0,100.0,0.0
Crust v50 Car Bluetooth Device with FM Transmitter Audio Receiver Car Charger MP3 Player Adapter Dongle TransmitterBlack,0,1,0,1,0.0,0.0,100.0
"D&V ENGINEERING 2 Compartments Iron Remote control holder /stand /organizer for TV AC DTH STB Remotes for living room showpiece??????(Black, Green, Pink)",0,0,1,1,100.0,0.0,0.0
CRAFTIFY High Quality 2000 W Immersion Heater RodWater,0,1,0,1,0.0,0.0,100.0
CRAFTIFY ISI Mark Spiral 2000 W Immersion Heater RodWater,0,1,0,1,0.0,0.0,100.0
Casewilla Mobile Stand Holder for Table with Adjustable Height |Update 2021 360 Degree Rotation Mobile Holder for Table and Bed Compatible with All Smartphones Mobile Holder Mobile Holder,1,0,0,1,0.0,100.0,0.0
BeeSmart Semi Automatic Water Level Controller Manual on Auto Off 30 A Relay Model BEEWLC2 Wired Sensor Security System,0,0,1,1,100.0,0.0,0.0
Bestie Toys Adjustable kids Suitable Quad Roller Skates - Size 6 to 12 UK??????????(Red),0,1,0,1,0.0,0.0,100.0
Birdie PVC Enema kit satvik movement 1.5 Litre | Improved Model enema kit for home use Medical Equipment Combo,0,1,0,1,0.0,0.0,100.0
Blue Star BSAP490LAN Portable Room Air PurifierWhite,0,0,1,1,100.0,0.0,0.0
Boys Full Sleeve Printed Hooded Sweatshirt,0,1,0,1,0.0,0.0,100.0
Butterfly Magic Fruit & Vegetable Cleaner 250 W Food Processor??????????(White),0,1,0,1,0.0,0.0,100.0
BLACK RAY Unique 3 Lights Hanging Ceiling Lamp Urban Retro Style Antique BlackBulb Not Included Pendants Ceiling LampBlack,0,0,1,1,100.0,0.0,0.0
Baby Boys  Baby Girls Printed Ankle LengthPack of 6,0,1,0,1,0.0,0.0,100.0
Zofiy 6 Layer Metal Frame Clothes Organizer  Maroon PP Collapsible WardrobeFinish Color  Maroon DIYDoItYourself,0,1,0,1,0.0,0.0,100.0
beaatho Luxury HIGH Back Leatherette Office with Steel Base and Warranty Leatherette Office Executive ChairBrown DIYDoItYourself,1,0,0,1,0.0,100.0,0.0
Auto Hub Waterproof Two Wheeler Cover for HeroGlamour Red,0,0,1,1,100.0,0.0,0.0
BAJAJ 410053 600 W Food Processor??????????(Multicolor),0,1,0,1,0.0,0.0,100.0
"BAJAJ Crest Neo 1200 mm 3 Blade Ceiling Fan??????????(Brown, Pack of 1)",0,0,1,1,100.0,0.0,0.0
BAJAJ FX7 600 W Food Processor,0,0,1,1,100.0,0.0,0.0
BALKRISHNA ENTERPRISE Green Tea Sticks Face Shaping Mask  Face Shaping Mask,0,0,1,1,100.0,0.0,0.0
BBD Special Edition Quantitative Aptitude For Competitive Examinations Fully Revised Video Edition 2022Paperback R S Aggarwal,0,1,0,1,0.0,0.0,100.0
Arpita Crafts HEARTHOME Wood Key Holder7 Hooks Beige,0,1,0,1,0.0,0.0,100.0
ArrowMax HIGH QUALITY MEN SWIMMING COSTUME FREE SIZE (28in-34in) GOGGLES CAP 2 EARPLUG NOSE CLIP SWIMSUIT Swimming Kit,0,0,1,1,100.0,0.0,0.0
ArrowMax HIGH Quality Goggles Silicone Cap 1 Nose Clip + 2 Ear Plugs Swimming Kit Swimming Kit,0,0,1,1,100.0,0.0,0.0
Auto Hub Car Cover For Renault Kwid Without Mirror PocketsMulticolor,1,0,0,1,0.0,100.0,0.0
Airtel Airtel Universal Setup box Remote Digital Setup box Universal Remote Airtel Remote Controller??????(Black),0,0,1,1,100.0,0.0,0.0
Allwin Home Cleaning 360 Spin Floor Cleaning Easy Advance Tech Bucket PVC Mop  Rotating Steel Pole Head with 2 Microfiber Refill Head Mop Set Mop Set Mop Set,0,0,1,1,100.0,0.0,0.0
AnshiEnterises FLEXIBLE YELLOW HOSE PIPE  INCH 12 mm With Water Spray Gun Hose Pipe10 m,0,1,0,1,0.0,0.0,100.0
colcum Collapsible Wardrobe 88130 Micro Fiber Collapsible WardrobeFinish Color  Maroon DIYDoItYourself,0,0,1,1,100.0,0.0,0.0
ghar ki khushiya 1 LEDs 013 m Multicolor Rice LightsPack of 1,0,0,1,1,100.0,0.0,0.0
konvio neer Pen Type Tds 0012 Digital TDS Meter,0,0,1,1,100.0,0.0,0.0
lectose Wood Portable Laptop TableFinish Color  black Pre Assembled,0,1,0,1,0.0,0.0,100.0
ADZOY Metal Lazy Stand Bracket for Neck Rest on Bed 360 Degree Mobile Holder Mobile Holder,1,0,0,1,0.0,100.0,0.0
"ADONYX Combo of Knee,Palm, Elbow & Ankle Support",0,0,1,1,100.0,0.0,0.0
